,PRODUCT_NAME,PRODUCT_LINK,MRP,PRICE,DISCOUNT,DESCRIPTION,PRODUCT_RATING
0,"Boult Audio Y1 with Zen ENC Mic, 40Hrs Playtime, Fast Charging, Pro+ Calling, IPX5, BTv 5.3 Bluetooth Headset  (Black, True Wireless)",https://www.flipkart.com/boult-audio-y1-zen-enc-mic-40hrs-playtime-fast-charging-pro-calling-ipx5-btv-5-3-bluetooth-headset/p/itme4d24273ffaeb?pid=ACCG9J7FQC4UP3WM&lid=LSTACCG9J7FQC4UP3WMGRGLX1&marketplace=FLIPKART&q=ear+phones&store=0pm%2Ffcn%2F821&srno=s_1_1&otracker=search&fm=organic&iid=en_CkkxwhCYkzXgp2BFuYWbY-FYUcL7N8q4B6DE7wXqVkQG73emwEROFTFEPzRemGPaYQjytfw7Wx4O-FSI_-KbWQ%3D%3D&ppt=None&ppn=None&ssid=4e48rsqsls0000001689605400841&qH=cc10a3085fee635c,"5,499",999,81% off,With Mic:Yes| Bluetooth version: 5.3| With Mic:Yes| Bluetooth version: 5.3| Wireless range: 10 m| Battery life: 40 hrs| Zen Tech ENC mic | 40 Hrs Playtime| Lightning Boult Type-C Fastest Charging | 10 Mins Charge = 100 Mins Playtime| BoomX Tech for Supreme Bass | 10mm Drivers | Fast Pairing| IPX5 Water Resistant | Voice Assistant | Touch Control,4.1
1,"Boult Audio ProBass EQCharge with ZEN Mode ENC, 32hrs Playtime, Ultra-Fast Charging Bluetooth Headset  (Black, In the Ear)",https://www.flipkart.com/boult-audio-probass-eqcharge-zen-mode-enc-32hrs-playtime-ultra-fast-charging-bluetooth-headset/p/itmf4d48b80a5f0b?pid=ACCGEDKJUCXSXVGK&lid=LSTACCGEDKJUCXSXVGK25LQEI&marketplace=FLIPKART&q=ear+phones&store=0pm%2Ffcn%2F821&srno=s_1_2&otracker=search&fm=organic&iid=en_CkkxwhCYkzXgp2BFuYWbY-FYUcL7N8q4B6DE7wXqVkTSsV0cCEnJRwyE9vwCOwO2VSykEiSHb_X9qeUP_eUtnA%3D%3D&ppt=None&ppn=None&ssid=4e48rsqsls0000001689605400841&qH=cc10a3085fee635c,"4,499",799,82% off,With Mic:Yes| Battery life: 32 hrs| ZEN Technology ENC mode | 32Hrs Playtime| Lightning Boult Charge Technology | 5mins Charge = 7hrs Playtime| BoomX Technology for Rich Bass| Latest Bluetooth 5.2 for seamless connectivity| Fast Pairing | IPX5 Water-Resistant| Touch Controls with Voice Assistant,4
2,"Boult Audio X1-Wired with Dual Dynamic Drivers, BoomX Rich Bass, In-line Control, IPX5 Wired Headset  (Black, In the Ear)",https://www.flipkart.com/boult-audio-x1-wired-dual-dynamic-drivers-boomx-rich-bass-in-line-control-ipx5-wired-headset/p/itmb985f93455bba?pid=ACCFHWT5ZVBTYDDY&lid=LSTACCFHWT5ZVBTYDDYBZ6ZJ7&marketplace=FLIPKART&q=ear+phones&store=0pm%2Ffcn%2F821&srno=s_1_3&otracker=search&fm=organic&iid=4ed4091b-da43-45ac-ad47-9f05e10f6d0b.ACCFHWT5ZVBTYDDY.SEARCH&ppt=None&ppn=None&ssid=4e48rsqsls0000001689605400841&qH=cc10a3085fee635c,999,347,65% off,With Mic:Yes| Connector type: 3.5 mm| Dual Dynamic Drivers.| Passive Noise cancellation.In line controls| Experience Punchy Bass| IPX5 Water Resistant,4.1
3,"Boult Audio Loop2 with 10mm Drivers, BoomX Rich Bass, In-line Controls, Soft Silicon Snugfit Wired Headset  (Teal Blue, In the Ear)",https://www.flipkart.com/boult-audio-loop2-10mm-drivers-boomx-rich-bass-in-line-controls-soft-silicon-snugfit-wired-headset/p/itm907aa9caae3e0?pid=ACCGHBHQYGXU7QKY&lid=LSTACCGHBHQYGXU7QKYDQGCKW&marketplace=FLIPKART&q=ear+phones&store=0pm%2Ffcn%2F821&srno=s_1_4&otracker=search&fm=organic&iid=4ed4091b-da43-45ac-ad47-9f05e10f6d0b.ACCGHBHQYGXU7QKY.SEARCH&ppt=None&ppn=None&ssid=4e48rsqsls0000001689605400841&qH=cc10a3085fee635c,999,347,65% off,With Mic:Yes| Connector type: 3.5 mm| With Mic: Yes| Connector type: 3.5 mm| Adjustable Soft Silicon Ear-Fins for Comfort Fit| 10mm Drivers | BoomX Tech for Superior Effects| Inbuilt Micro-woofers for Rich Bass| Inline Controls | L-Shaped Connector| Voice Assistant | IPX5 Water Resistant,4
4,"Boult Audio X1-Wired with Dual Dynamic Drivers, BoomX Rich Bass, In-line Control, IPX5 Wired Headset  (Blue Black, In the Ear)",https://www.flipkart.com/boult-audio-x1-wired-dual-dynamic-drivers-boomx-rich-bass-in-line-control-ipx5-wired-headset/p/itmfcaab7349a652?pid=ACCFTNYZHTVTHZGF&lid=LSTACCFTNYZHTVTHZGFSACGYE&marketplace=FLIPKART&q=ear+phones&store=0pm%2Ffcn%2F821&srno=s_1_5&otracker=search&fm=organic&iid=4ed4091b-da43-45ac-ad47-9f05e10f6d0b.ACCFTNYZHTVTHZGF.SEARCH&ppt=None&ppn=None&ssid=4e48rsqsls0000001689605400841&qH=cc10a3085fee635c,999,348,65% off,With Mic:Yes| Connector type: 3.5| Dual Dynamic Drivers.| Passive Noise cancellation.| In line controls| Experience Punchy Bass| IPX5 Water Resistant,4.1
5,"PROWARP PRODART Original EHS61 Deep Bass with Sound Cancellation Wired Headset  (White, In the Ear)",https://www.flipkart.com/prowarp-prodart-original-ehs61-deep-bass-sound-cancellation-wired-headset/p/itm37b8da18083dc?pid=ACCGH9GYFUEXGTMF&lid=LSTACCGH9GYFUEXGTMFK0NWDN&marketplace=FLIPKART&q=ear+phones&store=0pm%2Ffcn%2F821&srno=s_1_6&otracker=search&fm=organic&iid=4ed4091b-da43-45ac-ad47-9f05e10f6d0b.ACCGH9GYFUEXGTMF.SEARCH&ppt=None&ppn=None&ssid=4e48rsqsls0000001689605400841&qH=cc10a3085fee635c,699,254,63% off,With Mic:Yes| Connector type: 3.5mm,4.1
6,"Bashaam HA1611 M19_ PLUSASAP Charge BLUETOOTHWireless Earbuds (PACK OF 1) Bluetooth Headset  (Black, True Wireless)",https://www.flipkart.com/bashaam-ha1611-m19-plusasap-charge-bluetoothwireless-earbuds-pack-1-bluetooth-headset/p/itm50bcb9f3e6371?pid=ACCGNYBGVUTTFSER&lid=LSTACCGNYBGVUTTFSEREGNZY0&marketplace=FLIPKART&q=ear+phones&store=0pm%2Ffcn%2F821&srno=s_1_7&otracker=search&fm=organic&iid=4ed4091b-da43-45ac-ad47-9f05e10f6d0b.ACCGNYBGVUTTFSER.SEARCH&ppt=None&ppn=None&ssid=4e48rsqsls0000001689605400841&qH=cc10a3085fee635c,"1,499",699,53% off,With Mic:Yes| Connector type: 3.5 mm,4.1
7,"Boult Audio Ammo 40H Playtime, ZEN ENC Mic, 40ms Low Latency Gaming Mode, Interactive LED Bluetooth Headset  (Black, True Wireless)",https://www.flipkart.com/boult-audio-ammo-40h-playtime-zen-enc-mic-40ms-low-latency-gaming-mode-interactive-led-bluetooth-headset/p/itm1d80d77022d5e?pid=ACCGNBSZNBFKKBCG&lid=LSTACCGNBSZNBFKKBCGTIQ1E9&marketplace=FLIPKART&q=ear+phones&store=0pm%2Ffcn%2F821&srno=s_1_8&otracker=search&fm=organic&iid=en_CkkxwhCYkzXgp2BFuYWbY-FYUcL7N8q4B6DE7wXqVkSI7JKiPyADPkjVIlUYQ2E2_EdmrXIe-1Ef6DC77R_6HA%3D%3D&ppt=None&ppn=None&ssid=4e48rsqsls0000001689605400841&qH=cc10a3085fee635c,"4,999",999,80% off,With Mic:Yes| Bluetooth version: 5.3| Wireless range: 10 m| Zen Technology Mic Environmental Noise Cancellation Mic shuts out distractions.| Combat Mode for gaming: Switch on the Combat mode and enjoy seamless gameplay with 40ms low latency.| 40 Hrs Playtime | 13mm Drivers| Lightning Boult Fast Charging: 10 mins charge delivers 150 mins of playtime.| Interative LED lights that enhances your gaming and entertainment.,4
8,"Boult Audio Loop2 with 10mm Drivers, BoomX Rich Bass, In-line Controls, Soft Silicon Snugfit Wired Headset  (Black, In the Ear)",https://www.flipkart.com/boult-audio-loop2-10mm-drivers-boomx-rich-bass-in-line-controls-soft-silicon-snugfit-wired-headset/p/itm88cde32212a9b?pid=ACCGHBHQ6UC3XT7U&lid=LSTACCGHBHQ6UC3XT7UXHNS94&marketplace=FLIPKART&q=ear+phones&store=0pm%2Ffcn%2F821&srno=s_1_9&otracker=search&fm=organic&iid=4ed4091b-da43-45ac-ad47-9f05e10f6d0b.ACCGHBHQ6UC3XT7U.SEARCH&ppt=None&ppn=None&ssid=4e48rsqsls0000001689605400841&qH=cc10a3085fee635c,999,347,65% off,With Mic:Yes| Connector type: 3.5 mm| With Mic: Yes| Connector type: 3.5 mm| Adjustable Soft Silicon Ear-Fins for Comfort Fit| 10mm Drivers | BoomX Tech for Superior Effects| Inbuilt Micro-woofers for Rich Bass| Inline Controls | L-Shaped Connector| Voice Assistant | IPX5 Water Resistant,4
9,"boAt Bassheads 103 Wired Headset  (Pink, In the Ear)",https://www.flipkart.com/boat-bassheads-103-wired-headset/p/itm667836c40ec15?pid=ACCFX5HEUXQRXAJD&lid=LSTACCFX5HEUXQRXAJDOWMFYH&marketplace=FLIPKART&q=ear+phones&store=0pm%2Ffcn%2F821&srno=s_1_10&otracker=search&fm=organic&iid=4ed4091b-da43-45ac-ad47-9f05e10f6d0b.ACCFX5HEUXQRXAJD.SEARCH&ppt=None&ppn=None&ssid=4e48rsqsls0000001689605400841&qH=cc10a3085fee635c,"1,290",499,61% off,With Mic:Yes| Connector type: 3.5| Immersive Audio| Lightweight Adaptive Design| Magnetic Earbuds| Integrated Multifunction Control| Built In Microphone,4.2
10,"Boult Audio Y1 with Zen ENC Mic, 40Hrs Playtime, Fast Charging, Pro+ Calling, IPX5, BTv 5.3 Bluetooth Headset  (White, True Wireless)",https://www.flipkart.com/boult-audio-y1-zen-enc-mic-40hrs-playtime-fast-charging-pro-calling-ipx5-btv-5-3-bluetooth-headset/p/itmf6683704c3a4d?pid=ACCG9J7F2NMUB5H6&lid=LSTACCG9J7F2NMUB5H6UPLDYV&marketplace=FLIPKART&q=ear+phones&store=0pm%2Ffcn%2F821&srno=s_1_11&otracker=search&fm=organic&iid=en_CkkxwhCYkzXgp2BFuYWbY-FYUcL7N8q4B6DE7wXqVkRsMidyI9nRDkUnx8sdh7ymNmuheQbgpPn-xU4Ipmpdhg%3D%3D&ppt=None&ppn=None&ssid=4e48rsqsls0000001689605400841&qH=cc10a3085fee635c,"5,499",999,81% off,With Mic:Yes| Bluetooth version: 5.3| With Mic:Yes| Bluetooth version: 5.3| Wireless range: 10 m| Battery life: 40 hrs| Zen Tech ENC mic | 40 Hrs Playtime| Lightning Boult Type-C Fastest Charging | 10 Mins Charge = 100 Mins Playtime| BoomX Tech for Supreme Bass | 10mm Drivers | Fast Pairing| IPX5 Water Resistant | Voice Assistant | Touch Control,4.1
11,"Boult Audio X50 with 40Hr Battery, Quad Mic ENC, 45ms Ultra Low Latency, Made In India, 5.1 Bluetooth Headset  (White, True Wireless)",https://www.flipkart.com/boult-audio-x50-40hr-battery-quad-mic-enc-45ms-ultra-low-latency-made-india-5-1-bluetooth-headset/p/itmb580155b27054?pid=ACCGJHCDF45AFUYY&lid=LSTACCGJHCDF45AFUYYBCJ3KT&marketplace=FLIPKART&q=ear+phones&store=0pm%2Ffcn%2F821&srno=s_1_12&otracker=search&fm=organic&iid=en_CkkxwhCYkzXgp2BFuYWbY-FYUcL7N8q4B6DE7wXqVkQR9jo5YXT-RC7KsT3MeL2QJIRhnx-1kiMLwo9h8jh2vA%3D%3D&ppt=None&ppn=None&ssid=4e48rsqsls0000001689605400841&qH=cc10a3085fee635c,"4,999",999,80% off,With Mic:Yes| Battery life: 40 Hrs| Bluetooth Version 5.1 | Blink & Pair| ZEN Mode - Quad Mic Environmental Noise Cancellation| 40H Playtime with Gaming mode on | 45ms Ultra-Low Latency Gaming Mode| Type-C Fastest Charging | 10 Mins Charge = 100 Mins Playtime| Equalizer: Rock Mode | HiFi Mode | Base Boost Mode| BoomX Tech for Rich Bass | IPX5 Water Resistant | Voice Assistant,4
12,"boAt Bassheads 104 Wired Headset  (Blue, In the Ear)",https://www.flipkart.com/boat-bassheads-104-wired-headset/p/itm5c227a7bf4884?pid=ACCGF76YH6ZHUGB2&lid=LSTACCGF76YH6ZHUGB2T4YTLG&marketplace=FLIPKART&q=ear+phones&store=0pm%2Ffcn%2F821&srno=s_1_13&otracker=search&fm=organic&iid=4ed4091b-da43-45ac-ad47-9f05e10f6d0b.ACCGF76YH6ZHUGB2.SEARCH&ppt=None&ppn=None&ssid=4e48rsqsls0000001689605400841&qH=cc10a3085fee635c,999,449,55% off,With Mic:Yes| Connector type: 3.5| 11mm Drivers| One Button Control with Mic| Instant Voice Assistant| Half In Ear Ergonomic Design| Perfect Length Cable,4.1
13,"jorugo HA2146 M10_ MAX BLUETOOTHPlayback with Power BankWireless Earbuds (PACK OF 1) Bluetooth Headset  (Black, True Wireless)",https://www.flipkart.com/jorugo-ha2146-m10-max-bluetoothplayback-power-bankwireless-earbuds-pack-1-bluetooth-headset/p/itm4e4b3e5d8a452?pid=ACCGZBZTMVSVGGFG&lid=LSTACCGZBZTMVSVGGFG0BBUKO&marketplace=FLIPKART&q=ear+phones&store=0pm%2Ffcn%2F821&srno=s_1_14&otracker=search&fm=organic&iid=4ed4091b-da43-45ac-ad47-9f05e10f6d0b.ACCGZBZTMVSVGGFG.SEARCH&ppt=None&ppn=None&ssid=4e48rsqsls0000001689605400841&qH=cc10a3085fee635c,"1,499",699,53% off,With Mic:Yes| Connector type: 3.5mm| Flatwire: Stays tangle free even in your pocket,4.2
14,"boAt Airdopes 131 with upto 60 Hours and ASAP Charge Bluetooth Headset  (Active Black, True Wireless)",https://www.flipkart.com/boat-airdopes-131-upto-60-hours-asap-charge-bluetooth-headset/p/itm2905dfd0be40c?pid=ACCFSDGXX3S6DVBG&lid=LSTACCFSDGXX3S6DVBGDAFDIO&marketplace=FLIPKART&q=ear+phones&store=0pm%2Ffcn%2F821&spotlightTagId=BestsellerId_0pm%2Ffcn%2F821&srno=s_1_15&otracker=search&fm=organic&iid=4ed4091b-da43-45ac-ad47-9f05e10f6d0b.ACCFSDGXX3S6DVBG.SEARCH&ppt=None&ppn=None&ssid=4e48rsqsls0000001689605400841&qH=cc10a3085fee635c,"2,990",799,73% off,With Mic:Yes| Bluetooth version: 5.0 / 5.1| Wireless range: 10 m| Charging time: 2 Hours| Playback Time: Upto 15 to 60 Hours Playback| ASAP Charge: 5 Mins Charge= 90 Mins Playback| 13MM Drivers| 7.IPX4: Sweat Resistance,4
15,"boAt Airdopes Alpha with 35 HRS Playback, 13mm Drivers, Dual Mics ENx & Beast Mode Bluetooth Headset  (Jet Black, In the Ear)",https://www.flipkart.com/boat-airdopes-alpha-35-hrs-playback-13mm-drivers-dual-mics-enx-beast-mode-bluetooth-headset/p/itm1181f915b81ec?pid=ACCGP2HJA3HKHTF4&lid=LSTACCGP2HJA3HKHTF4VDDILL&marketplace=FLIPKART&q=ear+phones&store=0pm%2Ffcn%2F821&spotlightTagId=TrendingId_0pm%2Ffcn%2F821&srno=s_1_16&otracker=search&fm=organic&iid=4ed4091b-da43-45ac-ad47-9f05e10f6d0b.ACCGP2HJA3HKHTF4.SEARCH&ppt=None&ppn=None&ssid=4e48rsqsls0000001689605400841&qH=cc10a3085fee635c,"3,490",899,74% off,With Mic:Yes| 35 Hours of Playback| boAt Signature Sound 13mm Drivers| Dual Mic ENx� Technology| BEAST� Mode with 50ms low latency| ASAP� Charge( 10 Mins = 120 Mins )| IWP� Technology| Type C Interface| IPX5 Water and Sweat Resistance,4.1
16,"Boult Audio ProBass Fcharge with 40 hrs Playtime, ENC, Fast Charging, Fast Pairing Bluetooth Headset  (Black, In the Ear)",https://www.flipkart.com/boult-audio-probass-fcharge-40-hrs-playtime-enc-fast-charging-pairing-bluetooth-headset/p/itm990890a2723e2?pid=ACCGC2JJSZZNZYCX&lid=LSTACCGC2JJSZZNZYCXEQIMVU&marketplace=FLIPKART&q=ear+phones&store=0pm%2Ffcn%2F821&srno=s_1_17&otracker=search&fm=organic&iid=en_CkkxwhCYkzXgp2BFuYWbY-FYUcL7N8q4B6DE7wXqVkQL00FHZMyGqSFidiWQpk0l4oozeI5aFraGDxziTyeQjQ%3D%3D&ppt=None&ppn=None&ssid=4e48rsqsls0000001689605400841&qH=cc10a3085fee635c,"4,999",897,82% off,With Mic:Yes| Battery life: 40 hrs| Environmental Noise Cancellation | Pro+ Calling Mic Technology| Unstoppable 40 hrs Battery Life| Type-C Fastest Charging | 10 mins Charge = 15 hrs Playtime| Fastest Pairing with the latest Bluetooth 5.2 technology| Soft Silicone Band | In-line controls | IPX5 Water Resistant,4
17,"TXOR SENSO V 1.0 TWS EARBUDS, Bass+ 20 H Playtime & Fast Charging v5.1 Bluetooth Headset  (Metallic White, True Wireless)",https://www.flipkart.com/txor-senso-v-1-0-tws-earbuds-bass-20-h-playtime-fast-charging-v5-1-bluetooth-headset/p/itm01dd65a43bfbb?pid=ACCGK9F3VHKNKK4Y&lid=LSTACCGK9F3VHKNKK4YTMK913&marketplace=FLIPKART&q=ear+phones&store=0pm%2Ffcn%2F821&srno=s_1_18&otracker=search&fm=organic&iid=en_CkkxwhCYkzXgp2BFuYWbY-FYUcL7N8q4B6DE7wXqVkQUfXBArq5sykaA9PpwZUF4Eed7YnquxeERx_Md5SI5CA%3D%3D&ppt=None&ppn=None&ssid=4e48rsqsls0000001689605400841&qH=cc10a3085fee635c,"1,299",573,55% off,With Mic:Yes| Connector type: 3.5| Bluetooth version: 5.1| Wireless range: 10 m| Charging time: 2 Hours Case| 1 Hour Buds,3.5
18,"Jocoto C2296 M10 ADVANCED GAMING HEADSET BLACK (PACK OF 1) Bluetooth Gaming Headset  (Black, True Wireless)",https://www.flipkart.com/jocoto-c2296-m10-advanced-gaming-headset-black-pack-1-bluetooth/p/itm114498e581bd1?pid=ACCGQSHQUSNXCFFK&lid=LSTACCGQSHQUSNXCFFKZTMCJ5&marketplace=FLIPKART&q=ear+phones&store=0pm%2Ffcn%2F821&srno=s_1_19&otracker=search&fm=organic&iid=4ed4091b-da43-45ac-ad47-9f05e10f6d0b.ACCGQSHQUSNXCFFK.SEARCH&ppt=None&ppn=None&ssid=4e48rsqsls0000001689605400841&qH=cc10a3085fee635c,"1,499",649,56% off,With Mic:No| Connector type: 3.5 mm| Bluetooth version: 5| Wireless range: 14 m| Battery life: 24 hr | Charging time: 1 hour,4.2
19,"OPPO Enco Buds 2 with 28 hours Battery life & Deep Noise Cancellation Bluetooth Headset  (Midnight, True Wireless)",https://www.flipkart.com/oppo-enco-buds-2-28-hours-battery-life-deep-noise-cancellation-bluetooth-headset/p/itm3344fa26518ed?pid=ACCGH7YZY6AHGCHJ&lid=LSTACCGH7YZY6AHGCHJHLWF41&marketplace=FLIPKART&q=ear+phones&store=0pm%2Ffcn%2F821&srno=s_1_20&otracker=search&fm=organic&iid=4ed4091b-da43-45ac-ad47-9f05e10f6d0b.ACCGH7YZY6AHGCHJ.SEARCH&ppt=None&ppn=None&ssid=4e48rsqsls0000001689605400841&qH=cc10a3085fee635c,"3,999","1,499",62% off,With Mic:Yes| Bluetooth version: 5.2| Battery life: 28 hrs | Charging time: 1.5 hrs| 10mm Dynamic Bass Boost Driver - Powerful & Rhythmic Bass| Enco Live Stereo Sound Effects | Dolby Atmos| AI Deep Noise Cancellation | 80ms Ultra Low Latency game mode| Intelligent Touch Controls | IPX4 Water Resistant,4.2
20,"Boult Audio Airbass Z35 with ZEN ENC Mic, 32H Playtime, 45ms Ultra-Low Latency Mode, 5.3 Bluetooth Headset  (Pista Green, True Wireless)",https://www.flipkart.com/boult-audio-airbass-z35-zen-enc-mic-32h-playtime-45ms-ultra-low-latency-mode-5-3-bluetooth-headset/p/itm429390b57d9e9?pid=ACCGJT2ZVWGQTC8D&lid=LSTACCGJT2ZVWGQTC8DT59PBJ&marketplace=FLIPKART&q=ear+phones&store=0pm%2Ffcn%2F821&srno=s_1_21&otracker=search&fm=organic&iid=en_CkkxwhCYkzXgp2BFuYWbY-FYUcL7N8q4B6DE7wXqVkSVFW6nni5IW4zhfeJ65NOJkSw30_tlAhR6jB2ocZG63w%3D%3D&ppt=None&ppn=None&ssid=4e48rsqsls0000001689605400841&qH=cc10a3085fee635c,"2,999",899,70% off,With Mic:Yes| Bluetooth version: 5.3| Wireless range: 10 m| Battery life: 32 hrs| Zen Tech ENC mic | 45ms Ultra-Low Latency Gaming | 32Hrs Playtime| Lightning Boult Type-C Fastest Charging | 10 Mins Charge = 150 Mins Playtime | 13mm Drivers | Sub-woofer| BoomX Tech for Supreme Bass | IPX5 Water Resistant | Voice Assistant | Touch Control,4.8
21,"LONGWINGS EARBUDS SMALL SIZE, SUPER LIGHTWEIGHT earphone Bluetooth Headset Bluetooth Headset  (White, In the Ear)",https://www.flipkart.com/longwings-earbuds-small-size-super-lightweight-earphone-bluetooth-headset/p/itm33273afc8001b?pid=ACCGNX5KVRF2H3AZ&lid=LSTACCGNX5KVRF2H3AZHN5AUK&marketplace=FLIPKART&q=ear+phones&store=0pm%2Ffcn%2F821&srno=s_1_22&otracker=search&fm=organic&iid=en_CkkxwhCYkzXgp2BFuYWbY-FYUcL7N8q4B6DE7wXqVkThv1b3hQUgPw3lSModl7rIUT9V6uEvJBWw2t9mMnXUlQ%3D%3D&ppt=None&ppn=None&ssid=4e48rsqsls0000001689605400841&qH=cc10a3085fee635c,"2,999",599,80% off,With Mic:Yes| Flatwire: Stays tangle free even in your pocket,3.4
22,"boAt Airdopes 131 with upto 60 Hours and ASAP Charge Bluetooth Headset  (Midnight Blue, True Wireless)",https://www.flipkart.com/boat-airdopes-131-upto-60-hours-asap-charge-bluetooth-headset/p/itmf77ad6e8eecf1?pid=ACCFSDGX68PUKJYE&lid=LSTACCFSDGX68PUKJYEZ2TOCP&marketplace=FLIPKART&q=ear+phones&store=0pm%2Ffcn%2F821&srno=s_1_23&otracker=search&fm=organic&iid=4ed4091b-da43-45ac-ad47-9f05e10f6d0b.ACCFSDGX68PUKJYE.SEARCH&ppt=None&ppn=None&ssid=4e48rsqsls0000001689605400841&qH=cc10a3085fee635c,"2,990",799,73% off,With Mic:Yes| Bluetooth version: 5.0 - 5.1| Wireless range: 10 m| Charging time: 2 Hours| Playback Time: Upto 15 to 60 Hours Playback| ASAP Charge: 5 Mins Charge= 90 Mins Playback| 13MM Drivers| 7.IPX4: Sweat Resistance,4
23,"boAt Airdopes 131 with upto 60 Hours and ASAP Charge Bluetooth Headset  (Cherry Blossom, True Wireless)",https://www.flipkart.com/boat-airdopes-131-upto-60-hours-asap-charge-bluetooth-headset/p/itmc0157ae57bf52?pid=ACCFSDGXT4HZXY4J&lid=LSTACCFSDGXT4HZXY4JX415W8&marketplace=FLIPKART&q=ear+phones&store=0pm%2Ffcn%2F821&srno=s_1_24&otracker=search&fm=organic&iid=4ed4091b-da43-45ac-ad47-9f05e10f6d0b.ACCFSDGXT4HZXY4J.SEARCH&ppt=None&ppn=None&ssid=4e48rsqsls0000001689605400841&qH=cc10a3085fee635c,"2,990",799,73% off,With Mic:Yes| Bluetooth version: 5.0 - 5.1| Wireless range: 10 m| Charging time: 2 Hours| Playback Time: Upto 15 to 60 Hours Playback| ASAP Charge: 5 Mins Charge= 90 Mins Playback| 13MM Drivers| 7.IPX4: Sweat Resistance,4
24,"OnePlus Bullets Wireless Z2 with Fast Charge, 30 Hrs Battery Life, Earphones with mic Bluetooth Headset  (Magico Black, In the Ear)",https://www.flipkart.com/oneplus-bullets-wireless-z2-fast-charge-30-hrs-battery-life-earphones-mic-bluetooth-headset/p/itm1b9cd98911a2a?pid=ACCGC4GN5SQR7ZCZ&lid=LSTACCGC4GN5SQR7ZCZCC3SNO&marketplace=FLIPKART&q=ear+phones&store=0pm%2Ffcn%2F821&srno=s_1_25&otracker=search&fm=organic&iid=4ed4091b-da43-45ac-ad47-9f05e10f6d0b.ACCGC4GN5SQR7ZCZ.SEARCH&ppt=None&ppn=None&ssid=4e48rsqsls0000001689605400841&qH=cc10a3085fee635c,"2,299","1,698",26% off,With Mic:Yes| Bluetooth version: 5| Battery life: 20 Hrs | Charging time: 10 mins,4.2
25,"JBL C150SI with One Button Universal Remote Wired Headset  (Black, In the Ear)",https://www.flipkart.com/jbl-c150si-one-button-universal-remote-wired-headset/p/itm5f6934af69fb7?pid=ACCEHDJBEJSQYYKU&lid=LSTACCEHDJBEJSQYYKUXK9VQ3&marketplace=FLIPKART&q=ear+phones&store=0pm%2Ffcn%2F821&srno=s_1_26&otracker=search&fm=organic&iid=4ed4091b-da43-45ac-ad47-9f05e10f6d0b.ACCEHDJBEJSQYYKU.SEARCH&ppt=None&ppn=None&ssid=4e48rsqsls0000001689605400841&qH=cc10a3085fee635c,"1,399",699,50% off,With Mic:Yes| Connector type: 3.5mm headphone jack| Powerful drivers deliver thumping bass| JBL Signature Sound| Noise Cancelling Microphone| Quick Launch Access to Google Assistant / Siri| One-Button Universal Remote with Mic,4.2
26,"Boult Audio ProBass EQCharge with ZEN Mode ENC, 32hrs Playtime, Ultra-Fast Charging Bluetooth Headset  (Blue, In the Ear)",https://www.flipkart.com/boult-audio-probass-eqcharge-zen-mode-enc-32hrs-playtime-ultra-fast-charging-bluetooth-headset/p/itm4fd8aab4d2c2b?pid=ACCGEDKJJW5FE6KW&lid=LSTACCGEDKJJW5FE6KWSBP26F&marketplace=FLIPKART&q=ear+phones&store=0pm%2Ffcn%2F821&srno=s_1_27&otracker=search&fm=organic&iid=en_CkkxwhCYkzXgp2BFuYWbY-FYUcL7N8q4B6DE7wXqVkSiCaQae1pGW3HTvch5ukhMvoaPIIfnzUkKN60oTf8DqA%3D%3D&ppt=None&ppn=None&ssid=4e48rsqsls0000001689605400841&qH=cc10a3085fee635c,"4,499",799,82% off,With Mic:Yes| Battery life: 32 hrs| ZEN Technology ENC mode | 32Hrs Playtime| Lightning Boult Charge Technology | 5mins Charge = 7hrs Playtime| BoomX Technology for Rich Bass| Latest Bluetooth 5.2 for seamless connectivity| Fast Pairing | IPX5 Water-Resistant| Touch Controls with Voice Assistant,4
27,"Microflash S7-Deep Bass, Clear Hi-Fi Sound, Headphones Wired Headset  (Pink, In the Ear)",https://www.flipkart.com/microflash-s7-deep-bass-clear-hi-fi-sound-headphones-wired-headset/p/itme66ddf4e418b8?pid=ACCGHE4EWZZJNF2Q&lid=LSTACCGHE4EWZZJNF2QJ8HPIR&marketplace=FLIPKART&q=ear+phones&store=0pm%2Ffcn%2F821&srno=s_1_28&otracker=search&fm=organic&iid=en_CkkxwhCYkzXgp2BFuYWbY-FYUcL7N8q4B6DE7wXqVkRdLgHyW5uwr5XFsz5dBqmpCi7eUsWgt4hPhQwPgCUX2A%3D%3D&ppt=None&ppn=None&ssid=4e48rsqsls0000001689605400841&qH=cc10a3085fee635c,399,229,42% off,With Mic:Yes| Connector type: 3.5mm Headphone Jack| Flatwire: Stays tangle free even in your pocket,3.9
28,"Jocoto C1392 M10 ADVANCED GAMING HEADSET BLACK (PACK OF 1) Bluetooth Gaming Headset  (Black, True Wireless)",https://www.flipkart.com/jocoto-c1392-m10-advanced-gaming-headset-black-pack-1-bluetooth/p/itm04c9dee334016?pid=ACCGQSHPKAJSGVSW&lid=LSTACCGQSHPKAJSGVSWLAIIJW&marketplace=FLIPKART&q=ear+phones&store=0pm%2Ffcn%2F821&srno=s_1_29&otracker=search&fm=organic&iid=4ed4091b-da43-45ac-ad47-9f05e10f6d0b.ACCGQSHPKAJSGVSW.SEARCH&ppt=None&ppn=None&ssid=4e48rsqsls0000001689605400841&qH=cc10a3085fee635c,"1,499",649,56% off,With Mic:No| Connector type: 3.5 mm| Bluetooth version: 5| Wireless range: 14 m| Battery life: 24 hr | Charging time: 1 hour,4.2
29,"realme Buds Classic RMA2001 Wired Earphones with HD Microphone Wired Headset  (Black, In the Ear)",https://www.flipkart.com/realme-buds-classic-rma2001-wired-earphones-hd-microphone-headset/p/itm011ed7abae9dd?pid=ACCFWG73VVGWC27Y&lid=LSTACCFWG73VVGWC27YQYRZIY&marketplace=FLIPKART&q=ear+phones&store=0pm%2Ffcn%2F821&srno=s_1_30&otracker=search&fm=organic&iid=4ed4091b-da43-45ac-ad47-9f05e10f6d0b.ACCFWG73VVGWC27Y.SEARCH&ppt=None&ppn=None&ssid=4e48rsqsls0000001689605400841&qH=cc10a3085fee635c,699,399,42% off,With Mic:Yes| Connector type: 3.5mm| Flatwire: Stays tangle free even in your pocket,4.2
30,"SkyKey TIG-BLK-MEGNET-74 Bluetooth Headset  (Black, In the Ear)",https://www.flipkart.com/skykey-tig-blk-megnet-74-bluetooth-headset/p/itm0a5888a937f75?pid=ACCFPZVKJHD5AUS6&lid=LSTACCFPZVKJHD5AUS6PTPR1M&marketplace=FLIPKART&q=ear+phones&store=0pm%2Ffcn%2F821&srno=s_1_31&otracker=search&fm=organic&iid=en_CkkxwhCYkzXgp2BFuYWbY-FYUcL7N8q4B6DE7wXqVkQj2qE-RiGZA4Ul1PKYDL5zPXmJ1pjoRaopB0paYJjLUA%3D%3D&ppt=None&ppn=None&ssid=4e48rsqsls0000001689605400841&qH=cc10a3085fee635c,999,289,71% off,With Mic:Yes| Bluetooth version: 4.2| Wireless range: 10 m| Battery life: 6 hr | Charging time: 30 M| Flatwire: Stays tangle free even in your pocket,3.4
31,"Boult Audio X10 TWS with 45Hrs Playtime, ENC Mic, 40ms Lowest Latency, Fast Charging, 5.3v Bluetooth Headset  (White, True Wireless)",https://www.flipkart.com/boult-audio-x10-tws-45hrs-playtime-enc-mic-40ms-lowest-latency-fast-charging-5-3v-bluetooth-headset/p/itm62944d77950b1?pid=ACCGHTP8AJ9A6FBE&lid=LSTACCGHTP8AJ9A6FBEGH0J3V&marketplace=FLIPKART&q=ear+phones&store=0pm%2Ffcn%2F821&srno=s_1_32&otracker=search&fm=organic&iid=en_CkkxwhCYkzXgp2BFuYWbY-FYUcL7N8q4B6DE7wXqVkRxdwj0D_XfdXZLLEpXr-ozwgpoSbRgsi4ODAPYVT096w%3D%3D&ppt=None&ppn=None&ssid=4e48rsqsls0000001689605400841&qH=cc10a3085fee635c,"2,999",899,70% off,With Mic:Yes| Bluetooth version: 5.3| Wireless range: 10 m| Zen Technology Environmental Noise Cancellation shuts out distractions| Combat Mode for gaming: Switch on the Combat mode and enjoy seamless gameplay with 40ms lowest latency| 45 Hrs total playtime and 8 hrs playtime on a single charge | 10mm Drivers| Lightning Boult Type C Fast Charging: 10 mins charge delivers 150 mins of playtime| BoomX Tech for Supreme Bass with 10mm drivers | Voice Assistant | Touch Control| IPX5 Water Resistant technology make it sweat-proof and waterproof| Latest Bluetooth 5.3 for Seamless Connectivity | Made in India,4.2
32,"boAt Bassheads 104 Wired Headset  (Oceana, In the Ear)",https://www.flipkart.com/boat-bassheads-104-wired-headset/p/itm7c72a477a3f22?pid=ACCGF76YRKKHFXWF&lid=LSTACCGF76YRKKHFXWF2AU97T&marketplace=FLIPKART&q=ear+phones&store=0pm%2Ffcn%2F821&srno=s_1_33&otracker=search&fm=organic&iid=4ed4091b-da43-45ac-ad47-9f05e10f6d0b.ACCGF76YRKKHFXWF.SEARCH&ppt=None&ppn=None&ssid=4e48rsqsls0000001689605400841&qH=cc10a3085fee635c,999,449,55% off,With Mic:Yes| Connector type: 3.5| 14mm Drivers| One Button Control with Mic| Instant Voice Assistant| Half In Ear Ergonomic Design| Perfect Length Cable,4.1
33,"Boult Audio X1-Wired with Dual Dynamic Drivers, BoomX Rich Bass, In-line Control, IPX5 Wired Headset  (Red, In the Ear)",https://www.flipkart.com/boult-audio-x1-wired-dual-dynamic-drivers-boomx-rich-bass-in-line-control-ipx5-wired-headset/p/itm49d553337fee5?pid=ACCFHWT5S8XUNWT7&lid=LSTACCFHWT5S8XUNWT7LORPNG&marketplace=FLIPKART&q=ear+phones&store=0pm%2Ffcn%2F821&srno=s_1_34&otracker=search&fm=organic&iid=4ed4091b-da43-45ac-ad47-9f05e10f6d0b.ACCFHWT5S8XUNWT7.SEARCH&ppt=None&ppn=None&ssid=4e48rsqsls0000001689605400841&qH=cc10a3085fee635c,999,347,65% off,With Mic:Yes| Connector type: 3.5 mm| Dual Dynamic Drivers.| Passive Noise cancellation.| In line controls| Experience Punchy Bass| IPX5 Water Resistant,4.1
34,"Jocoto C1308 M10 ADVANCED GAMING HEADSET BLACK (PACK OF 1) Bluetooth Gaming Headset  (Black, True Wireless)",https://www.flipkart.com/jocoto-c1308-m10-advanced-gaming-headset-black-pack-1-bluetooth/p/itmc3194be7d7ad4?pid=ACCGQSHNRGDTYZ9J&lid=LSTACCGQSHNRGDTYZ9JVYL7VQ&marketplace=FLIPKART&q=ear+phones&store=0pm%2Ffcn%2F821&srno=s_1_35&otracker=search&fm=organic&iid=4ed4091b-da43-45ac-ad47-9f05e10f6d0b.ACCGQSHNRGDTYZ9J.SEARCH&ppt=None&ppn=None&ssid=4e48rsqsls0000001689605400841&qH=cc10a3085fee635c,"1,499",649,56% off,With Mic:No| Connector type: 3.5 mm| Bluetooth version: 5| Wireless range: 14 m| Battery life: 24 hr | Charging time: 1 hour,4.2
35,"boAt Bassheads 104 Wired Headset  (Black, In the Ear)",https://www.flipkart.com/boat-bassheads-104-wired-headset/p/itm931538cfe1061?pid=ACCGF76Y4YQ3JQJN&lid=LSTACCGF76Y4YQ3JQJNIWK3L8&marketplace=FLIPKART&q=ear+phones&store=0pm%2Ffcn%2F821&srno=s_1_36&otracker=search&fm=organic&iid=4ed4091b-da43-45ac-ad47-9f05e10f6d0b.ACCGF76Y4YQ3JQJN.SEARCH&ppt=None&ppn=None&ssid=4e48rsqsls0000001689605400841&qH=cc10a3085fee635c,999,449,55% off,With Mic:Yes| Connector type: 3.5| 10mm Drivers| One Button Control with Mic| Instant Voice Assistant| Half In Ear Ergonomic Design| Perfect Length Cable,4.1
36,"Boult Audio Maverick with Quad Mic ENC, 45ms Low Latency Gaming Mode, 35H Playtime Bluetooth Headset  (Black, True Wireless)",https://www.flipkart.com/boult-audio-maverick-quad-mic-enc-45ms-low-latency-gaming-mode-35h-playtime-bluetooth-headset/p/itm0991a85169946?pid=ACCGHQR9TZY7QZ9B&lid=LSTACCGHQR9TZY7QZ9BKOKXFI&marketplace=FLIPKART&q=ear+phones&store=0pm%2Ffcn%2F821&srno=s_1_37&otracker=search&fm=organic&iid=en_CkkxwhCYkzXgp2BFuYWbY-FYUcL7N8q4B6DE7wXqVkQQoL-zUbE38jaYVReixrTLAVb8ogd196cJMEsmI4oWPg%3D%3D&ppt=None&ppn=None&ssid=4e48rsqsls0000001689605400841&qH=cc10a3085fee635c,"4,499","1,299",71% off,With Mic:Yes| Battery life: 35 Hours| Zen Technology Environmental Noise Cancellation shuts out distractions.| Combat Mode for gaming: Switch on the Combat mode and enjoy seamless gameplay with 45m/s latency.| 35 Hrs total playtime with gaming mode on| and 7 hrs playtime on a single charge.| Lightning Boult Fast Charging: 10 mins charge delivers 120 mins of playtime.| High-end progressive LED lights that enhances your gaming and entertainment.,4
37,"Boult Audio X50 with 40Hr Battery, Quad Mic ENC, 45ms Ultra Low Latency, Made In India, 5.1 Bluetooth Headset  (Black, True Wireless)",https://www.flipkart.com/boult-audio-x50-40hr-battery-quad-mic-enc-45ms-ultra-low-latency-made-india-5-1-bluetooth-headset/p/itm222b700788ee5?pid=ACCGJHCDXFXZCSWN&lid=LSTACCGJHCDXFXZCSWNBVEMCE&marketplace=FLIPKART&q=ear+phones&store=0pm%2Ffcn%2F821&srno=s_1_38&otracker=search&fm=organic&iid=en_CkkxwhCYkzXgp2BFuYWbY-FYUcL7N8q4B6DE7wXqVkR5TaaReTFZWUXEaYYf4Rb9wqUO3SwKPaAXl9oxonPlyg%3D%3D&ppt=None&ppn=None&ssid=4e48rsqsls0000001689605400841&qH=cc10a3085fee635c,"4,999",999,80% off,With Mic:Yes| Battery life: 40 Hrs| Bluetooth Version 5.1 | Blink & Pair| ZEN Mode - Quad Mic Environmental Noise Cancellation| 40H Playtime with Gaming mode on | 45ms Ultra-Low Latency Gaming Mode| Type-C Fastest Charging | 10 Mins Charge = 100 Mins Playtime| Equalizer: Rock Mode | HiFi Mode | Base Boost Mode| BoomX Tech for Rich Bass | IPX5 Water Resistant | Voice Assistant,4
38,"boAt Bassheads 103 Blue Wired Headset  (Blue, In the Ear)",https://www.flipkart.com/boat-bassheads-103-blue-wired-headset/p/itma6533ab620ab5?pid=ACCFGYHHKJ94GN6A&lid=LSTACCFGYHHKJ94GN6AAQTUCB&marketplace=FLIPKART&q=ear+phones&store=0pm%2Ffcn%2F821&srno=s_1_39&otracker=search&fm=organic&iid=4ed4091b-da43-45ac-ad47-9f05e10f6d0b.ACCFGYHHKJ94GN6A.SEARCH&ppt=None&ppn=None&ssid=4e48rsqsls0000001689605400841&qH=cc10a3085fee635c,"1,290",499,61% off,With Mic:Yes| Connector type: 3.5 mm| Immersive Audio| Lightweight Adaptive Design| Magnetic Earbuds| Integrated Multifunction Control| Built-in Microphone,4.8
39,"PRODART ORIGINAL EHS61 Deep Bass Sound Wired Headset  (White, In the Ear)",https://www.flipkart.com/prodart-original-ehs61-deep-bass-sound-wired-headset/p/itm4e6d96a4df640?pid=ACCGHD6GVT9CDFWP&lid=LSTACCGHD6GVT9CDFWPIJYJ8C&marketplace=FLIPKART&q=ear+phones&store=0pm%2Ffcn%2F821&srno=s_1_40&otracker=search&fm=organic&iid=4ed4091b-da43-45ac-ad47-9f05e10f6d0b.ACCGHD6GVT9CDFWP.SEARCH&ppt=None&ppn=None&ssid=4e48rsqsls0000001689605400841&qH=cc10a3085fee635c,699,254,63% off,With Mic:Yes| Connector type: 3.5mm,4.1
40,"Aroma NB119 Genius - 60 Hours Playtime Fast Charging Wireless Bluetooth Neckband Bluetooth Headset  (Green, In the Ear)",https://www.flipkart.com/aroma-nb119-genius-60-hours-playtime-fast-charging-wireless-bluetooth-neckband-headset/p/itmbb3649fc2e4ea?pid=ACCGEKMG8GPGGD9H&lid=LSTACCGEKMG8GPGGD9HKDITIM&marketplace=FLIPKART&q=ear+phones&store=0pm%2Ffcn%2F821&srno=s_2_41&otracker=search&fm=organic&iid=en_hBpUYq0b7Q9mZ9tza1Hv2R2myHPwK8nZOoQjGXYRvLRAvgExI9n7x_UquovZkbNroPa50qKOYoDePpTQIMNpgQ%3D%3D&ppt=None&ppn=None&ssid=o9ie5v0eb40000001689605454908&qH=cc10a3085fee635c,"2,999",397,86% off,With Mic:Yes| Flatwire: Stays tangle free even in your pocket,4.5
41,"Boult Audio Y1 with Zen ENC Mic, 40Hrs Playtime, Fast Charging, Pro+ Calling, IPX5, BTv 5.3 Bluetooth Headset  (Black, True Wireless)",https://www.flipkart.com/boult-audio-y1-zen-enc-mic-40hrs-playtime-fast-charging-pro-calling-ipx5-btv-5-3-bluetooth-headset/p/itme4d24273ffaeb?pid=ACCG9J7FQC4UP3WM&lid=LSTACCG9J7FQC4UP3WMGRGLX1&marketplace=FLIPKART&q=ear+phones&store=0pm%2Ffcn%2F821&srno=s_2_42&otracker=search&fm=organic&iid=en_hBpUYq0b7Q9mZ9tza1Hv2R2myHPwK8nZOoQjGXYRvLTuGlHo1UuyDgqqaeDSsnarYQjytfw7Wx4O-FSI_-KbWQ%3D%3D&ppt=None&ppn=None&ssid=o9ie5v0eb40000001689605454908&qH=cc10a3085fee635c,"5,499",999,81% off,With Mic:Yes| Bluetooth version: 5.3| With Mic:Yes| Bluetooth version: 5.3| Wireless range: 10 m| Battery life: 40 hrs| Zen Tech ENC mic | 40 Hrs Playtime| Lightning Boult Type-C Fastest Charging | 10 Mins Charge = 100 Mins Playtime| BoomX Tech for Supreme Bass | 10mm Drivers | Fast Pairing| IPX5 Water Resistant | Voice Assistant | Touch Control,4.1
42,"Boult Audio Airbass Z35 with ZEN ENC Mic, 32H Playtime, 45ms Ultra-Low Latency Mode, 5.3 Bluetooth Headset  (Sunset Grey, True Wireless)",https://www.flipkart.com/boult-audio-airbass-z35-zen-enc-mic-32h-playtime-45ms-ultra-low-latency-mode-5-3-bluetooth-headset/p/itm1e3124e99a182?pid=ACCGJT2ZZGCWCZM3&lid=LSTACCGJT2ZZGCWCZM3SKWKXT&marketplace=FLIPKART&q=ear+phones&store=0pm%2Ffcn%2F821&srno=s_2_43&otracker=search&fm=organic&iid=3649bfe1-6dc5-40fa-ba42-22d5ec961e7f.ACCGJT2ZZGCWCZM3.SEARCH&ppt=None&ppn=None&ssid=o9ie5v0eb40000001689605454908&qH=cc10a3085fee635c,"2,999",899,70% off,With Mic:Yes| Bluetooth version: 5.3| Wireless range: 10 m| Battery life: 32 hrs| Zen Tech ENC mic | 45ms Ultra-Low Latency Gaming | 32Hrs Playtime| Lightning Boult Type-C Fastest Charging | 10 Mins Charge = 150 Mins Playtime | 13mm Drivers | Sub-woofer| BoomX Tech for Supreme Bass | IPX5 Water Resistant | Voice Assistant | Touch Control,4
43,"Aroma NB120 Tehalka 40 Hours Playing Time Dual Pairing Bluetooth Neckband Earphone Bluetooth Headset  (Black, Silver, In the Ear)",https://www.flipkart.com/aroma-nb120-tehalka-40-hours-playing-time-dual-pairing-bluetooth-neckband-earphone-headset/p/itm461b87d6129e9?pid=ACCGFPNFFPKDZQSV&lid=LSTACCGFPNFFPKDZQSVYR1SWA&marketplace=FLIPKART&q=ear+phones&store=0pm%2Ffcn%2F821&srno=s_2_44&otracker=search&fm=organic&iid=3649bfe1-6dc5-40fa-ba42-22d5ec961e7f.ACCGFPNFFPKDZQSV.SEARCH&ppt=None&ppn=None&ssid=o9ie5v0eb40000001689605454908&qH=cc10a3085fee635c,"1,499",330,77% off,With Mic:Yes| Wireless range: 10 m,3.8
44,"Noise Buds VS102 with 50 Hrs Playtime, 11mm Driver, IPX5 and Unique Flybird Design Bluetooth Headset  (Celeste Blue, True Wireless)",https://www.flipkart.com/noise-buds-vs102-50-hrs-playtime-11mm-driver-ipx5-unique-flybird-design-bluetooth-headset/p/itm6cc239faac681?pid=ACCGBWZ7SZUHJGC8&lid=LSTACCGBWZ7SZUHJGC8GCKPCC&marketplace=FLIPKART&q=ear+phones&store=0pm%2Ffcn%2F821&srno=s_2_45&otracker=search&fm=organic&iid=3649bfe1-6dc5-40fa-ba42-22d5ec961e7f.ACCGBWZ7SZUHJGC8.SEARCH&ppt=None&ppn=None&ssid=o9ie5v0eb40000001689605454908&qH=cc10a3085fee635c,"2,999","1,099",63% off,With Mic:Yes| Bluetooth version: v5.1| Wireless range: 10 m| Battery life: 50 Hours | Charging time: 2 Hour| Battery life: 50 hrs Playtime| Driver Size : Immersive Audio with 11mm driver| Type - C Charging Port | Upto 50 Hours of Total Playtime| Unique Flybird Design,4.1
45,"boAt Rockerz 235 Pro with upto 20 Hours Playback & ASAP Charge Bluetooth Headset  (Furious Blue, In the Ear)",https://www.flipkart.com/boat-rockerz-235-pro-upto-20-hours-playback-asap-charge-bluetooth-headset/p/itmdbcb5af922ae1?pid=ACCGBVMGY9SPY7KZ&lid=LSTACCGBVMGY9SPY7KZIYIYBW&marketplace=FLIPKART&q=ear+phones&store=0pm%2Ffcn%2F821&srno=s_2_46&otracker=search&fm=organic&iid=3649bfe1-6dc5-40fa-ba42-22d5ec961e7f.ACCGBVMGY9SPY7KZ.SEARCH&ppt=None&ppn=None&ssid=o9ie5v0eb40000001689605454908&qH=cc10a3085fee635c,"1,990",799,59% off,With Mic:Yes| Bluetooth version: 5.2| Wireless range: 10 m| Battery time: Upto 20 Hours|ASAP Charge: 10 Mins= 10 Hours| ENx Technology: Clear Voice Calls| Beast Mode: Low Latency for Gaming| Call Vibration Alert,4.2
46,"Boult Audio ProBass EQCharge with ZEN Mode ENC, 32hrs Playtime, Ultra-Fast Charging Bluetooth Headset  (Black, In the Ear)",https://www.flipkart.com/boult-audio-probass-eqcharge-zen-mode-enc-32hrs-playtime-ultra-fast-charging-bluetooth-headset/p/itmf4d48b80a5f0b?pid=ACCGEDKJUCXSXVGK&lid=LSTACCGEDKJUCXSXVGK25LQEI&marketplace=FLIPKART&q=ear+phones&store=0pm%2Ffcn%2F821&srno=s_2_47&otracker=search&fm=organic&iid=en_hBpUYq0b7Q9mZ9tza1Hv2R2myHPwK8nZOoQjGXYRvLQKyKBY_HH9gYhC4RNM3ZvcVSykEiSHb_X9qeUP_eUtnA%3D%3D&ppt=None&ppn=None&ssid=o9ie5v0eb40000001689605454908&qH=cc10a3085fee635c,"4,499",799,82% off,With Mic:Yes| Battery life: 32 hrs| ZEN Technology ENC mode | 32Hrs Playtime| Lightning Boult Charge Technology | 5mins Charge = 7hrs Playtime| BoomX Technology for Rich Bass| Latest Bluetooth 5.2 for seamless connectivity| Fast Pairing | IPX5 Water-Resistant| Touch Controls with Voice Assistant,4
47,"Boult Audio Ammo 40H Playtime, ZEN ENC Mic, 40ms Low Latency Gaming Mode, Interactive LED Bluetooth Headset  (Black, True Wireless)",https://www.flipkart.com/boult-audio-ammo-40h-playtime-zen-enc-mic-40ms-low-latency-gaming-mode-interactive-led-bluetooth-headset/p/itm1d80d77022d5e?pid=ACCGNBSZNBFKKBCG&lid=LSTACCGNBSZNBFKKBCGTIQ1E9&marketplace=FLIPKART&q=ear+phones&store=0pm%2Ffcn%2F821&srno=s_2_48&otracker=search&fm=organic&iid=en_hBpUYq0b7Q9mZ9tza1Hv2R2myHPwK8nZOoQjGXYRvLS6It8B1s1irI_16z7XtpU5_EdmrXIe-1Ef6DC77R_6HA%3D%3D&ppt=None&ppn=None&ssid=o9ie5v0eb40000001689605454908&qH=cc10a3085fee635c,"4,999",999,80% off,With Mic:Yes| Bluetooth version: 5.3| Wireless range: 10 m| Zen Technology Mic Environmental Noise Cancellation Mic shuts out distractions.| Combat Mode for gaming: Switch on the Combat mode and enjoy seamless gameplay with 40ms low latency.| 40 Hrs Playtime | 13mm Drivers| Lightning Boult Fast Charging: 10 mins charge delivers 150 mins of playtime.| Interative LED lights that enhances your gaming and entertainment.,4
48,"Microflash S7-Deep Bass, Clear Hi-Fi Sound, Headphones Wired Headset  (Black, In the Ear)",https://www.flipkart.com/microflash-s7-deep-bass-clear-hi-fi-sound-headphones-wired-headset/p/itm822e3564415fd?pid=ACCGHEYDFRXHWMGC&lid=LSTACCGHEYDFRXHWMGCT7NUM8&marketplace=FLIPKART&q=ear+phones&store=0pm%2Ffcn%2F821&srno=s_2_49&otracker=search&fm=organic&iid=3649bfe1-6dc5-40fa-ba42-22d5ec961e7f.ACCGHEYDFRXHWMGC.SEARCH&ppt=None&ppn=None&ssid=o9ie5v0eb40000001689605454908&qH=cc10a3085fee635c,399,229,42% off,With Mic:Yes| Connector type: 3.5 mm Headphone Jack| Flatwire: Stays tangle free even in your pocket,3.9
49,"boAt BassHeads 100 Wired Headset  (Furious Red, In the Ear)",https://www.flipkart.com/boat-bassheads-100-wired-headset/p/itme5b2ba958e687?pid=ACCF94NHDZAGWDS4&lid=LSTACCF94NHDZAGWDS4PFVPFD&marketplace=FLIPKART&q=ear+phones&store=0pm%2Ffcn%2F821&srno=s_2_50&otracker=search&fm=organic&iid=3649bfe1-6dc5-40fa-ba42-22d5ec961e7f.ACCF94NHDZAGWDS4.SEARCH&ppt=None&ppn=None&ssid=o9ie5v0eb40000001689605454908&qH=cc10a3085fee635c,999,399,60% off,With Mic:Yes| Connector type: 3.5mm headphone jack| Hawk-inspired design| In-line Microphone| Integrated Multifunction Control,4.3
50,"Aroma NB119C Carter 48 Hours Playing Time Fast Charging Bluetooth Neckband Earphone Bluetooth Headset  (Black, Silver, In the Ear)",https://www.flipkart.com/aroma-nb119c-carter-48-hours-playing-time-fast-charging-bluetooth-neckband-earphone-headset/p/itm121abaebb2f1e?pid=ACCGE4WNPEHGGKGF&lid=LSTACCGE4WNPEHGGKGFVGF5NE&marketplace=FLIPKART&q=ear+phones&store=0pm%2Ffcn%2F821&srno=s_2_51&otracker=search&fm=organic&iid=en_hBpUYq0b7Q9mZ9tza1Hv2R2myHPwK8nZOoQjGXYRvLTin1rthlaEr5oaVhSfZxH4ZigCjXc2MPLoyk5MvAFM2w%3D%3D&ppt=None&ppn=None&ssid=o9ie5v0eb40000001689605454908&qH=cc10a3085fee635c,"2,299",379,83% off,With Mic:Yes| Wireless range: 10 m| Flatwire: Stays tangle free even in your pocket,4
51,"Aroma NB137 Nexon 16 Hours* Playtime Deep Bass True Wireless Earbuds | Made In India Bluetooth Headset  (White, Silver, True Wireless)",https://www.flipkart.com/aroma-nb137-nexon-16-hours-playtime-deep-bass-true-wireless-earbuds-made-india-bluetooth-headset/p/itm966887d62fa7c?pid=ACCGMH7PRQT5UFSM&lid=LSTACCGMH7PRQT5UFSMN8LBVD&marketplace=FLIPKART&q=ear+phones&store=0pm%2Ffcn%2F821&srno=s_2_52&otracker=search&fm=organic&iid=en_hBpUYq0b7Q9mZ9tza1Hv2R2myHPwK8nZOoQjGXYRvLRYHQQRN_qBFeeRmO0oxVPs2GM5njr9ZGK9ONAeeHCbtA%3D%3D&ppt=None&ppn=None&ssid=o9ie5v0eb40000001689605454908&qH=cc10a3085fee635c,"1,499",498,66% off,With Mic:Yes,3.7
52,"boAt Bassheads 172 Wired Headset  (Aztec Fusion, In the Ear)",https://www.flipkart.com/boat-bassheads-172-wired-headset/p/itm5599e185ced99?pid=ACCFYHGXWGTZYEHV&lid=LSTACCFYHGXWGTZYEHVOTFRH5&marketplace=FLIPKART&q=ear+phones&store=0pm%2Ffcn%2F821&srno=s_2_53&otracker=search&fm=organic&iid=3649bfe1-6dc5-40fa-ba42-22d5ec961e7f.ACCFYHGXWGTZYEHV.SEARCH&ppt=None&ppn=None&ssid=o9ie5v0eb40000001689605454908&qH=cc10a3085fee635c,"1,299",499,61% off,With Mic:Yes| Connector type: 3.5| Extra bass: Add extra thump to your music| One button universal remote to answer and manage your calls,4.2
53,"PHILIPS TAE1126BK/94 Wired Headset  (Black, In the Ear)",https://www.flipkart.com/philips-tae1126bk-94-wired-headset/p/itmac657174b23ee?pid=ACCG2EUFYDXGBYR6&lid=LSTACCG2EUFYDXGBYR66UFGVI&marketplace=FLIPKART&q=ear+phones&store=0pm%2Ffcn%2F821&srno=s_2_54&otracker=search&fm=organic&iid=3649bfe1-6dc5-40fa-ba42-22d5ec961e7f.ACCG2EUFYDXGBYR6.SEARCH&ppt=None&ppn=None&ssid=o9ie5v0eb40000001689605454908&qH=cc10a3085fee635c,549,384,30% off,With Mic:Yes| Connector type: 3.5,4
54,"Mi Mi Dual Driver Dynamic Bass High Definition in-Ear Earphones with Mic Wired Headset  (Black, In the Ear)",https://www.flipkart.com/mi-dual-driver-dynamic-bass-high-definition-in-ear-earphones-mic-wired-headset/p/itm527e177bf702c?pid=ACCFPJCY3NAHCMNZ&lid=LSTACCFPJCY3NAHCMNZJZNJBX&marketplace=FLIPKART&q=ear+phones&store=0pm%2Ffcn%2F821&srno=s_2_55&otracker=search&fm=organic&iid=3649bfe1-6dc5-40fa-ba42-22d5ec961e7f.ACCFPJCY3NAHCMNZ.SEARCH&ppt=None&ppn=None&ssid=o9ie5v0eb40000001689605454908&qH=cc10a3085fee635c,999,799,20% off,With Mic:Yes| Connector type: 3.5 mm| Dual Dynamic Drivers (10mm & 8mm)| Passive Noise Cancellation| Magnetic Earbuds| Tangle-Free Braided Cable,4.1
55,"Mi Basic Wired Headset with Mic  (Red, In the Ear)",https://www.flipkart.com/mi-basic-wired-headset-mic/p/itm202dc89992bbc?pid=ACCF3YPVECGQXTKK&lid=LSTACCF3YPVECGQXTKKAFPVDT&marketplace=FLIPKART&q=ear+phones&store=0pm%2Ffcn%2F821&srno=s_2_56&otracker=search&fm=organic&iid=3649bfe1-6dc5-40fa-ba42-22d5ec961e7f.ACCF3YPVECGQXTKK.SEARCH&ppt=None&ppn=None&ssid=o9ie5v0eb40000001689605454908&qH=cc10a3085fee635c,599,499,16% off,With Mic:Yes| Connector type: 3.5 mm| Extra bass: Add extra thump to your music| One button universal remote to answer and manage your calls,4.3
56,"Aroma NB119 Genius - 60 Hours Playtime Fast Charging Wireless Bluetooth Neckband Bluetooth Headset  (Blue, In the Ear)",https://www.flipkart.com/aroma-nb119-genius-60-hours-playtime-fast-charging-wireless-bluetooth-neckband-headset/p/itm8c923bd39f714?pid=ACCGEKMGJCYVNGWQ&lid=LSTACCGEKMGJCYVNGWQYIPYU4&marketplace=FLIPKART&q=ear+phones&store=0pm%2Ffcn%2F821&srno=s_2_57&otracker=search&fm=organic&iid=en_hBpUYq0b7Q9mZ9tza1Hv2R2myHPwK8nZOoQjGXYRvLQbGO4v4rlouPyv6ITuQ2HdE__dHCfOxZm3u_jIgSFbhA%3D%3D&ppt=None&ppn=None&ssid=o9ie5v0eb40000001689605454908&qH=cc10a3085fee635c,"2,999",397,86% off,With Mic:Yes| Flatwire: Stays tangle free even in your pocket,3.9
57,"Aroma NB119 Diamond - 50 Hours Playtime Bluetooth Neckband Bluetooth Headset  (Blue, In the Ear)",https://www.flipkart.com/aroma-nb119-diamond-50-hours-playtime-bluetooth-neckband-headset/p/itmfc39808dba5e6?pid=ACCG8EF3NQY3PJGA&lid=LSTACCG8EF3NQY3PJGAG41LSQ&marketplace=FLIPKART&q=ear+phones&store=0pm%2Ffcn%2F821&srno=s_2_58&otracker=search&fm=organic&iid=en_hBpUYq0b7Q9mZ9tza1Hv2R2myHPwK8nZOoQjGXYRvLSmapJ2apNHJkKMibosa080HWDfVMxiEG_smekNdvEZGA%3D%3D&ppt=None&ppn=None&ssid=o9ie5v0eb40000001689605454908&qH=cc10a3085fee635c,"2,499",378,84% off,With Mic:Yes| Flatwire: Stays tangle free even in your pocket,4
58,"boAt Bassheads 242 Wired Headset  (Spirit Lime, In the Ear)",https://www.flipkart.com/boat-bassheads-242-wired-headset/p/itm7e3e98662b63e?pid=ACCFHBKEQGSQZN86&lid=LSTACCFHBKEQGSQZN86F7COCI&marketplace=FLIPKART&q=ear+phones&store=0pm%2Ffcn%2F821&srno=s_2_59&otracker=search&fm=organic&iid=3649bfe1-6dc5-40fa-ba42-22d5ec961e7f.ACCFHBKEQGSQZN86.SEARCH&ppt=None&ppn=None&ssid=o9ie5v0eb40000001689605454908&qH=cc10a3085fee635c,"1,490",599,59% off,With Mic:Yes| Connector type: 3.5 mm| Secure Fit Ear hooks| 10mm Drivers: Inspirational Sound| IPX4: Sweat and Water Resistance| Sports Utility Earphones| Sturdy Cable,4.2
59,"Boult Audio X50 with 40Hr Battery, Quad Mic ENC, 45ms Ultra Low Latency, Made In India, 5.1 Bluetooth Headset  (White, True Wireless)",https://www.flipkart.com/boult-audio-x50-40hr-battery-quad-mic-enc-45ms-ultra-low-latency-made-india-5-1-bluetooth-headset/p/itmb580155b27054?pid=ACCGJHCDF45AFUYY&lid=LSTACCGJHCDF45AFUYYBCJ3KT&marketplace=FLIPKART&q=ear+phones&store=0pm%2Ffcn%2F821&srno=s_2_60&otracker=search&fm=organic&iid=3649bfe1-6dc5-40fa-ba42-22d5ec961e7f.ACCGJHCDF45AFUYY.SEARCH&ppt=None&ppn=None&ssid=o9ie5v0eb40000001689605454908&qH=cc10a3085fee635c,"4,999",999,80% off,With Mic:Yes| Battery life: 40 Hrs| Bluetooth Version 5.1 | Blink & Pair| ZEN Mode - Quad Mic Environmental Noise Cancellation| 40H Playtime with Gaming mode on | 45ms Ultra-Low Latency Gaming Mode| Type-C Fastest Charging | 10 Mins Charge = 100 Mins Playtime| Equalizer: Rock Mode | HiFi Mode | Base Boost Mode| BoomX Tech for Rich Bass | IPX5 Water Resistant | Voice Assistant,4
60,"TXOR SENSO V 1.0 TWS EARBUDS, Bass+ 20 H Playtime & Fast Charging v5.1 Bluetooth Headset  (Metallic White, True Wireless)",https://www.flipkart.com/txor-senso-v-1-0-tws-earbuds-bass-20-h-playtime-fast-charging-v5-1-bluetooth-headset/p/itm01dd65a43bfbb?pid=ACCGK9F3VHKNKK4Y&lid=LSTACCGK9F3VHKNKK4YTMK913&marketplace=FLIPKART&q=ear+phones&store=0pm%2Ffcn%2F821&srno=s_2_61&otracker=search&fm=organic&iid=en_hBpUYq0b7Q9mZ9tza1Hv2R2myHPwK8nZOoQjGXYRvLRLnL-oZu8RoNS2iyznQ7JISCJsmC6poEJ9CHDRNBo-zw%3D%3D&ppt=None&ppn=None&ssid=o9ie5v0eb40000001689605454908&qH=cc10a3085fee635c,"1,299",573,55% off,With Mic:Yes| Connector type: 3.5| Bluetooth version: 5.1| Wireless range: 10 m| Charging time: 2 Hours Case| 1 Hour Buds,3.5
61,"HOPPUP GRAND With Power Bank Function & Upto 75 Hours Playtime Bluetooth Headset  (Black, True Wireless)",https://www.flipkart.com/hoppup-grand-power-bank-function-upto-75-hours-playtime-bluetooth-headset/p/itm78432c29de9a6?pid=ACCG8VBRDD2GACMY&lid=LSTACCG8VBRDD2GACMY3TJQPO&marketplace=FLIPKART&q=ear+phones&store=0pm%2Ffcn%2F821&srno=s_2_62&otracker=search&fm=organic&iid=en_hBpUYq0b7Q9mZ9tza1Hv2R2myHPwK8nZOoQjGXYRvLRaabxm3EnKnBlvu_2UjekIZwvFZX447Tn7GJJnJKjaAg%3D%3D&ppt=None&ppn=None&ssid=o9ie5v0eb40000001689605454908&qH=cc10a3085fee635c,"2,999",499,83% off,With Mic:Yes| Connector type: N/A| Bluetooth version: 5.0| Charging time: 3 hours| In-built Power Bank| 1200 mAh battery capacity| 75 hours of playtime with case| Sweat & Water Resistant,3.9
62,"boAt Airdopes 161 with 40 Hours Playback, ASAP Charge & 10mm Drivers Bluetooth Headset  (Pebble Black, True Wireless)",https://www.flipkart.com/boat-airdopes-161-40-hours-playback-asap-charge-10mm-drivers-bluetooth-headset/p/itm8a7493150ae4a?pid=ACCG6DS7WDJHGWSH&lid=LSTACCG6DS7WDJHGWSH4INU8G&marketplace=FLIPKART&q=ear+phones&store=0pm%2Ffcn%2F821&spotlightTagId=BestsellerId_0pm%2Ffcn%2F821&srno=s_2_63&otracker=search&fm=organic&iid=3649bfe1-6dc5-40fa-ba42-22d5ec961e7f.ACCG6DS7WDJHGWSH.SEARCH&ppt=None&ppn=None&ssid=o9ie5v0eb40000001689605454908&qH=cc10a3085fee635c,"2,490",999,59% off,With Mic:Yes| Bluetooth version: 5.1| Charge for 10 minutes| enjoy 180 minutes - ASAP Charge| boAt Immersive Sound - 10mm drivers| Up to 40 HRS Total Playback| IPX5 Water & Sweat Resistance| Bluetooth v5.1| IWP Tech,4.1
63,"Seashot M19 Earbuds/TWS/buds 5.1 Earbuds with 280H Playtime, Headphones Bluetooth Gaming Headset  (Black, True Wireless)",https://www.flipkart.com/seashot-m19-earbuds-tws-buds-5-1-earbuds-280h-playtime-headphones-bluetooth-gaming-headset/p/itm7e4781dd20209?pid=ACCGMG5ETBFDY7T5&lid=LSTACCGMG5ETBFDY7T5RXVUHI&marketplace=FLIPKART&q=ear+phones&store=0pm%2Ffcn%2F821&srno=s_2_64&otracker=search&fm=organic&iid=3649bfe1-6dc5-40fa-ba42-22d5ec961e7f.ACCGMG5ETBFDY7T5.SEARCH&ppt=None&ppn=None&ssid=o9ie5v0eb40000001689605454908&qH=cc10a3085fee635c,"4,799",486,89% off,With Mic:Yes| Connector type: Micro USB Cable V8| Bluetooth version: 5.1| Wireless range: 20 m| Battery life: 48 hr | Charging time: 2 Hour,3.7
64,"boAt Airdopes Crude x Wrogn Edition with 50 Hours Playback, ENx Tech & Beast Mode Bluetooth Headset  (Cool Emerald, In the Ear)",https://www.flipkart.com/boat-airdopes-crude-x-wrogn-50-hours-playback-enx-tech-beast-mode-bluetooth-headset/p/itm61ffc2d44d82a?pid=ACCGNJVJCXP7GPXJ&lid=LSTACCGNJVJCXP7GPXJEV1HXB&marketplace=FLIPKART&q=ear+phones&store=0pm%2Ffcn%2F821&srno=s_2_65&otracker=search&fm=organic&iid=3649bfe1-6dc5-40fa-ba42-22d5ec961e7f.ACCGNJVJCXP7GPXJ.SEARCH&ppt=None&ppn=None&ssid=o9ie5v0eb40000001689605454908&qH=cc10a3085fee635c,"4,990","1,499",69% off,With Mic:Yes| Quad Mics with ENx Technology| Total Playback upto 50 Hours| Beast Mode(40ms Low Latency)| boAt Signature Sound| ASAP Charge: 5 Mins= 100 Mins,4
65,"Mivi DuoPods M30 earbuds with 42 hours of playtime | Made in India | Deep Bass Bluetooth Headset  (Black, True Wireless)",https://www.flipkart.com/mivi-duopods-m30-earbuds-42-hours-playtime-made-india-deep-bass-bluetooth-headset/p/itmdbe76626d492d?pid=ACCGHMD3HQUVBNZU&lid=LSTACCGHMD3HQUVBNZUOEEMHR&marketplace=FLIPKART&q=ear+phones&store=0pm%2Ffcn%2F821&srno=s_2_66&otracker=search&fm=organic&iid=3649bfe1-6dc5-40fa-ba42-22d5ec961e7f.ACCGHMD3HQUVBNZU.SEARCH&ppt=None&ppn=None&ssid=o9ie5v0eb40000001689605454908&qH=cc10a3085fee635c,"2,999",699,76% off,With Mic:Yes| Bluetooth version: 5.1| Wireless range: 10 m| Charging time: 1 hour| Battery life: 42 hrs ( At Mid Volume)| IPX4 Water Resistant| Comfortable & Light Weight| Touch & Volume Controls with google/siri Voice Assistant,3.7
66,"Boult Audio Airbass Z35 with ZEN ENC Mic, 32H Playtime, 45ms Ultra-Low Latency Mode, 5.3 Bluetooth Headset  (Pista Green, True Wireless)",https://www.flipkart.com/boult-audio-airbass-z35-zen-enc-mic-32h-playtime-45ms-ultra-low-latency-mode-5-3-bluetooth-headset/p/itm429390b57d9e9?pid=ACCGJT2ZVWGQTC8D&lid=LSTACCGJT2ZVWGQTC8DT59PBJ&marketplace=FLIPKART&q=ear+phones&store=0pm%2Ffcn%2F821&srno=s_2_67&otracker=search&fm=organic&iid=en_hBpUYq0b7Q9mZ9tza1Hv2R2myHPwK8nZOoQjGXYRvLRysqQcUeyuhd1ieYHf64JykSw30_tlAhR6jB2ocZG63w%3D%3D&ppt=None&ppn=None&ssid=o9ie5v0eb40000001689605454908&qH=cc10a3085fee635c,"2,999",899,70% off,With Mic:Yes| Bluetooth version: 5.3| Wireless range: 10 m| Battery life: 32 hrs| Zen Tech ENC mic | 45ms Ultra-Low Latency Gaming | 32Hrs Playtime| Lightning Boult Type-C Fastest Charging | 10 Mins Charge = 150 Mins Playtime | 13mm Drivers | Sub-woofer| BoomX Tech for Supreme Bass | IPX5 Water Resistant | Voice Assistant | Touch Control,4
67,"HOPPUP GRAND With Power Bank Function & Upto 75 Hours Playtime Bluetooth Headset  (Blue, True Wireless)",https://www.flipkart.com/hoppup-grand-power-bank-function-upto-75-hours-playtime-bluetooth-headset/p/itm44096c182f67e?pid=ACCGHM8PDMZG4RJG&lid=LSTACCGHM8PDMZG4RJGJ8WRB9&marketplace=FLIPKART&q=ear+phones&store=0pm%2Ffcn%2F821&srno=s_2_68&otracker=search&fm=organic&iid=en_hBpUYq0b7Q9mZ9tza1Hv2R2myHPwK8nZOoQjGXYRvLQ79lq6dDoATB4p0ZfRaZhTp7HneiEWCeLehR36fp265g%3D%3D&ppt=None&ppn=None&ssid=o9ie5v0eb40000001689605454908&qH=cc10a3085fee635c,"2,999",499,83% off,With Mic:Yes| Connector type: N/A| Bluetooth version: 5.0| Charging time: 3 hours| In-built Power Bank| 1200 mAh battery capacity| 75 hours of playtime with case| Sweat & Water Resistant,3.9
68,"Aroma NB119 Titanium - 48 Hours Playtime Bluetooth Neckband Bluetooth Headset  (Blue, In the Ear)",https://www.flipkart.com/aroma-nb119-titanium-48-hours-playtime-bluetooth-neckband-headset/p/itm6f0505aff0562?pid=ACCG7QVCBATTJCST&lid=LSTACCG7QVCBATTJCSTFTARXZ&marketplace=FLIPKART&q=ear+phones&store=0pm%2Ffcn%2F821&srno=s_2_69&otracker=search&fm=organic&iid=3649bfe1-6dc5-40fa-ba42-22d5ec961e7f.ACCG7QVCBATTJCST.SEARCH&ppt=None&ppn=None&ssid=o9ie5v0eb40000001689605454908&qH=cc10a3085fee635c,"2,499",498,80% off,With Mic:Yes| Flatwire: Stays tangle free even in your pocket,4
69,"Mi Basic Wired Headset with Mic  (Black, In the Ear)",https://www.flipkart.com/mi-basic-wired-headset-mic/p/itmb9460d32f457a?pid=ACCF3YPVXUHHGJUZ&lid=LSTACCF3YPVXUHHGJUZJH65C7&marketplace=FLIPKART&q=ear+phones&store=0pm%2Ffcn%2F821&srno=s_2_70&otracker=search&fm=organic&iid=3649bfe1-6dc5-40fa-ba42-22d5ec961e7f.ACCF3YPVXUHHGJUZ.SEARCH&ppt=None&ppn=None&ssid=o9ie5v0eb40000001689605454908&qH=cc10a3085fee635c,599,499,16% off,With Mic:Yes| Connector type: 3.5 mm| Extra bass: Add extra thump to your music| One button universal remote to answer and manage your calls,4.3
70,"Boult Audio ProBass EQCharge with ZEN Mode ENC, 32hrs Playtime, Ultra-Fast Charging Bluetooth Headset  (Blue, In the Ear)",https://www.flipkart.com/boult-audio-probass-eqcharge-zen-mode-enc-32hrs-playtime-ultra-fast-charging-bluetooth-headset/p/itm4fd8aab4d2c2b?pid=ACCGEDKJJW5FE6KW&lid=LSTACCGEDKJJW5FE6KWSBP26F&marketplace=FLIPKART&q=ear+phones&store=0pm%2Ffcn%2F821&srno=s_2_71&otracker=search&fm=organic&iid=en_hBpUYq0b7Q9mZ9tza1Hv2R2myHPwK8nZOoQjGXYRvLQID_FKtHS41Sn6_1X0vdaPvoaPIIfnzUkKN60oTf8DqA%3D%3D&ppt=None&ppn=None&ssid=o9ie5v0eb40000001689605454908&qH=cc10a3085fee635c,"4,499",799,82% off,With Mic:Yes| Battery life: 32 hrs| ZEN Technology ENC mode | 32Hrs Playtime| Lightning Boult Charge Technology | 5mins Charge = 7hrs Playtime| BoomX Technology for Rich Bass| Latest Bluetooth 5.2 for seamless connectivity| Fast Pairing | IPX5 Water-Resistant| Touch Controls with Voice Assistant,4
71,"LONGWINGS EARBUDS SMALL SIZE, SUPER LIGHTWEIGHT earphone Bluetooth Headset Bluetooth Headset  (White, In the Ear)",https://www.flipkart.com/longwings-earbuds-small-size-super-lightweight-earphone-bluetooth-headset/p/itm33273afc8001b?pid=ACCGNX5KVRF2H3AZ&lid=LSTACCGNX5KVRF2H3AZHN5AUK&marketplace=FLIPKART&q=ear+phones&store=0pm%2Ffcn%2F821&srno=s_2_72&otracker=search&fm=organic&iid=en_hBpUYq0b7Q9mZ9tza1Hv2R2myHPwK8nZOoQjGXYRvLQibGlcVbOcFdmX0k8KniplUT9V6uEvJBWw2t9mMnXUlQ%3D%3D&ppt=None&ppn=None&ssid=o9ie5v0eb40000001689605454908&qH=cc10a3085fee635c,"2,999",599,80% off,With Mic:Yes| Flatwire: Stays tangle free even in your pocket,3.4
72,"APPLE EarPods with Lightning Connector Wired Headset  (White, In the Ear)",https://www.flipkart.com/apple-earpods-lightning-connector-wired-headset/p/itm89a2cd840b303?pid=ACCEMZ7HPZUZHFPM&lid=LSTACCEMZ7HPZUZHFPM3VN0P6&marketplace=FLIPKART&q=ear+phones&store=0pm%2Ffcn%2F821&srno=s_2_73&otracker=search&fm=organic&iid=3649bfe1-6dc5-40fa-ba42-22d5ec961e7f.ACCEMZ7HPZUZHFPM.SEARCH&ppt=None&ppn=None&ssid=o9ie5v0eb40000001689605454908&qH=cc10a3085fee635c,"2,000","1,699",15% off,With Mic:Yes| Connector type: Lightning| Deeper| richer bass tones| Protection from sweat and water| High-quality audio,4.4
73,"realme Buds 2 Wired Headset  (Green, In the Ear)",https://www.flipkart.com/realme-buds-2-wired-headset/p/itmaefc42e261f9d?pid=ACCFMGJYG25NE3BZ&lid=LSTACCFMGJYG25NE3BZGHU8PU&marketplace=FLIPKART&q=ear+phones&store=0pm%2Ffcn%2F821&srno=s_2_74&otracker=search&fm=organic&iid=3649bfe1-6dc5-40fa-ba42-22d5ec961e7f.ACCFMGJYG25NE3BZ.SEARCH&ppt=None&ppn=None&ssid=o9ie5v0eb40000001689605454908&qH=cc10a3085fee635c,799,599,25% off,With Mic:Yes| Connector type: 3.5,4.3
74,"Microflash S7-Deep Bass, Clear Hi-Fi Sound, Headphones Wired Headset  (Pink, In the Ear)",https://www.flipkart.com/microflash-s7-deep-bass-clear-hi-fi-sound-headphones-wired-headset/p/itme66ddf4e418b8?pid=ACCGHE4EWZZJNF2Q&lid=LSTACCGHE4EWZZJNF2QJ8HPIR&marketplace=FLIPKART&q=ear+phones&store=0pm%2Ffcn%2F821&srno=s_2_75&otracker=search&fm=organic&iid=3649bfe1-6dc5-40fa-ba42-22d5ec961e7f.ACCGHE4EWZZJNF2Q.SEARCH&ppt=None&ppn=None&ssid=o9ie5v0eb40000001689605454908&qH=cc10a3085fee635c,399,229,42% off,With Mic:Yes| Connector type: 3.5mm Headphone Jack| Flatwire: Stays tangle free even in your pocket,3.9
75,"vivo XE160 Wired Headset  (White, In the Ear)",https://www.flipkart.com/vivo-xe160-wired-headset/p/itmb2859fd4a9e82?pid=ACCGKGGQSKFNQYMY&lid=LSTACCGKGGQSKFNQYMY2NVIDS&marketplace=FLIPKART&q=ear+phones&store=0pm%2Ffcn%2F821&srno=s_2_76&otracker=search&fm=organic&iid=3649bfe1-6dc5-40fa-ba42-22d5ec961e7f.ACCGKGGQSKFNQYMY.SEARCH&ppt=None&ppn=None&ssid=o9ie5v0eb40000001689605454908&qH=cc10a3085fee635c,499,399,20% off,With Mic:Yes| Connector type: 3.5 mm,4
76,"Boult Audio X10 TWS with 45Hrs Playtime, ENC Mic, 40ms Lowest Latency, Fast Charging, 5.3v Bluetooth Headset  (White, True Wireless)",https://www.flipkart.com/boult-audio-x10-tws-45hrs-playtime-enc-mic-40ms-lowest-latency-fast-charging-5-3v-bluetooth-headset/p/itm62944d77950b1?pid=ACCGHTP8AJ9A6FBE&lid=LSTACCGHTP8AJ9A6FBEGH0J3V&marketplace=FLIPKART&q=ear+phones&store=0pm%2Ffcn%2F821&srno=s_2_77&otracker=search&fm=organic&iid=en_hBpUYq0b7Q9mZ9tza1Hv2R2myHPwK8nZOoQjGXYRvLQJj7nuj3RG3otrH6TqBqmOwgpoSbRgsi4ODAPYVT096w%3D%3D&ppt=None&ppn=None&ssid=o9ie5v0eb40000001689605454908&qH=cc10a3085fee635c,"2,999",899,70% off,With Mic:Yes| Bluetooth version: 5.3| Wireless range: 10 m| Zen Technology Environmental Noise Cancellation shuts out distractions| Combat Mode for gaming: Switch on the Combat mode and enjoy seamless gameplay with 40ms lowest latency| 45 Hrs total playtime and 8 hrs playtime on a single charge | 10mm Drivers| Lightning Boult Type C Fast Charging: 10 mins charge delivers 150 mins of playtime| BoomX Tech for Supreme Bass with 10mm drivers | Voice Assistant | Touch Control| IPX5 Water Resistant technology make it sweat-proof and waterproof| Latest Bluetooth 5.3 for Seamless Connectivity | Made in India,4.2
77,"SkyKey TIG-BLK-MEGNET-74 Bluetooth Headset  (Black, In the Ear)",https://www.flipkart.com/skykey-tig-blk-megnet-74-bluetooth-headset/p/itm0a5888a937f75?pid=ACCFPZVKJHD5AUS6&lid=LSTACCFPZVKJHD5AUS6PTPR1M&marketplace=FLIPKART&q=ear+phones&store=0pm%2Ffcn%2F821&srno=s_2_78&otracker=search&fm=organic&iid=en_hBpUYq0b7Q9mZ9tza1Hv2R2myHPwK8nZOoQjGXYRvLR6zwCwDww1jNYfUMc11I_lPXmJ1pjoRaopB0paYJjLUA%3D%3D&ppt=None&ppn=None&ssid=o9ie5v0eb40000001689605454908&qH=cc10a3085fee635c,999,289,71% off,With Mic:Yes| Bluetooth version: 4.2| Wireless range: 10 m| Battery life: 6 hr | Charging time: 30 M| Flatwire: Stays tangle free even in your pocket,3.4
78,"Mi Mi Dual Driver Dynamic Bass High Definition in-Ear Earphones with Mic Wired Headset  (Blue, In the Ear)",https://www.flipkart.com/mi-dual-driver-dynamic-bass-high-definition-in-ear-earphones-mic-wired-headset/p/itm9a888f85150de?pid=ACCFPJCY3SNXYSG6&lid=LSTACCFPJCY3SNXYSG6YDZ94S&marketplace=FLIPKART&q=ear+phones&store=0pm%2Ffcn%2F821&srno=s_2_79&otracker=search&fm=organic&iid=3649bfe1-6dc5-40fa-ba42-22d5ec961e7f.ACCFPJCY3SNXYSG6.SEARCH&ppt=None&ppn=None&ssid=o9ie5v0eb40000001689605454908&qH=cc10a3085fee635c,999,799,20% off,With Mic:Yes| Connector type: 3.5 mm| Dual Dynamic Drivers (10mm & 8mm)| Passive Noise Cancellation| Magnetic Earbuds| Tangle-Free Braided Cable,4.1
79,"PRODART Original EHS61 Deep Bass with Sound Cancellation Wired Headset  (White, In the Ear)",https://www.flipkart.com/prodart-original-ehs61-deep-bass-sound-cancellation-wired-headset/p/itmc404545f9013c?pid=ACCGH8BFREADKE4T&lid=LSTACCGH8BFREADKE4TDBZQPE&marketplace=FLIPKART&q=ear+phones&store=0pm%2Ffcn%2F821&srno=s_2_80&otracker=search&fm=organic&iid=3649bfe1-6dc5-40fa-ba42-22d5ec961e7f.ACCGH8BFREADKE4T.SEARCH&ppt=None&ppn=None&ssid=o9ie5v0eb40000001689605454908&qH=cc10a3085fee635c,699,254,63% off,With Mic:Yes| Connector type: 3.5mm,4.2
80,"Boult Audio Y1 with Zen ENC Mic, 40Hrs Playtime, Fast Charging, Pro+ Calling, IPX5, BTv 5.3 Bluetooth Headset  (Black, True Wireless)",https://www.flipkart.com/boult-audio-y1-zen-enc-mic-40hrs-playtime-fast-charging-pro-calling-ipx5-btv-5-3-bluetooth-headset/p/itme4d24273ffaeb?pid=ACCG9J7FQC4UP3WM&lid=LSTACCG9J7FQC4UP3WMGRGLX1&marketplace=FLIPKART&q=ear+phones&store=0pm%2Ffcn%2F821&srno=s_3_81&otracker=search&fm=organic&iid=en_WqGZXNi_tVuhK105hv4ipLGG93Lb-rMcWlSr4QNHqdeOE_NIKKqRLiVlYpWvZ_G5YQjytfw7Wx4O-FSI_-KbWQ%3D%3D&ppt=None&ppn=None&ssid=h9z5b83xhc0000001689605495406&qH=cc10a3085fee635c,"5,499",999,81% off,With Mic:Yes| Bluetooth version: 5.3| With Mic:Yes| Bluetooth version: 5.3| Wireless range: 10 m| Battery life: 40 hrs| Zen Tech ENC mic | 40 Hrs Playtime| Lightning Boult Type-C Fastest Charging | 10 Mins Charge = 100 Mins Playtime| BoomX Tech for Supreme Bass | 10mm Drivers | Fast Pairing| IPX5 Water Resistant | Voice Assistant | Touch Control,4.1
81,"Boult Audio ProBass EQCharge with ZEN Mode ENC, 32hrs Playtime, Ultra-Fast Charging Bluetooth Headset  (Black, In the Ear)",https://www.flipkart.com/boult-audio-probass-eqcharge-zen-mode-enc-32hrs-playtime-ultra-fast-charging-bluetooth-headset/p/itmf4d48b80a5f0b?pid=ACCGEDKJUCXSXVGK&lid=LSTACCGEDKJUCXSXVGK25LQEI&marketplace=FLIPKART&q=ear+phones&store=0pm%2Ffcn%2F821&srno=s_3_82&otracker=search&fm=organic&iid=en_WqGZXNi_tVuhK105hv4ipLGG93Lb-rMcWlSr4QNHqdeYxqm_YEgB1JGv37L0QahIVSykEiSHb_X9qeUP_eUtnA%3D%3D&ppt=None&ppn=None&ssid=h9z5b83xhc0000001689605495406&qH=cc10a3085fee635c,"4,499",799,82% off,With Mic:Yes| Battery life: 32 hrs| ZEN Technology ENC mode | 32Hrs Playtime| Lightning Boult Charge Technology | 5mins Charge = 7hrs Playtime| BoomX Technology for Rich Bass| Latest Bluetooth 5.2 for seamless connectivity| Fast Pairing | IPX5 Water-Resistant| Touch Controls with Voice Assistant,4
82,"OnePlus Nord Buds 2 True Wireless Earbuds with 25dB Active Noise Cancellation Bluetooth Headset  (Thunder Gray, True Wireless)",https://www.flipkart.com/oneplus-nord-buds-2-true-wireless-earbuds-25db-active-noise-cancellation-bluetooth-headset/p/itm1564d0b502ff6?pid=ACCGNSJ2TZEJ3U66&lid=LSTACCGNSJ2TZEJ3U66DYYFN0&marketplace=FLIPKART&q=ear+phones&store=0pm%2Ffcn%2F821&srno=s_3_83&otracker=search&fm=organic&iid=d71c1957-de1b-47d6-91c2-fca1d8dfc975.ACCGNSJ2TZEJ3U66.SEARCH&ppt=None&ppn=None&ssid=h9z5b83xhc0000001689605495406&qH=cc10a3085fee635c,"3,299","2,799",15% off,With Mic:Yes| Connector type: No| Bluetooth version: 5.3| Wireless range: 10 m| Battery life: 36 Hours | Charging time: 60 min (Earphone)| 90 min (Earphone and Case)| Battery life: 36 Hours | Charging time: 60 min (Earphone)| 90 min (Earphone and Case)| The OnePlus Nord Buds 2 are the first Fast and Smooth Nord audio product with up to 25dB of Active Noise Cancellation| The OnePlus Nord Buds 2 will be music to your ears with big 12.4 mm dynamic drivers for deeper bass & crisp clear sound.| BassWave bass enhancement algorithm endows deep and broad bass to earbuds with fidelity. This algorithm offsets the low-frequency responses dynamically.| To ensure the normal use of your earbuds| update your Wireless Earphones (OOS 12 or later)| OnePlus Buds (OOS 11)| or HeyMelody (non-OnePlus devices) app to the latest version using your local app store.,4.3
83,"Mivi Collar D25 Earphones with fast charge, 24Hours playtime, Powerful Bass Bluetooth Headset  (Black, In the Ear)",https://www.flipkart.com/mivi-collar-d25-earphones-fast-charge-24hours-playtime-powerful-bass-bluetooth-headset/p/itma7f7b72225155?pid=ACCGHQZASJZA323H&lid=LSTACCGHQZASJZA323HUKGFS4&marketplace=FLIPKART&q=ear+phones&store=0pm%2Ffcn%2F821&srno=s_3_84&otracker=search&fm=organic&iid=d71c1957-de1b-47d6-91c2-fca1d8dfc975.ACCGHQZASJZA323H.SEARCH&ppt=None&ppn=None&ssid=h9z5b83xhc0000001689605495406&qH=cc10a3085fee635c,"2,999",599,80% off,With Mic:Yes| Bluetooth version: 5.1| Wireless range: 10 m| Super Charge ( 10 Mins of Charge =10 Hours of Playtime)| Battery: 24hrs Playtime ( At Mid Volume )| 13 mm driver | Type -C Charging Port| Dual Pairing | IPX5,4
84,"Alfanso Earbud White, With (Wireless Charging Case) Bluetooth Headset Bluetooth Headset  (Metallic White, True Wireless)",https://www.flipkart.com/alfanso-earbud-white-wireless-charging-case-bluetooth-headset/p/itm013678f6c7933?pid=ACCGZ5292KM934NP&lid=LSTACCGZ5292KM934NPLLDBCE&marketplace=FLIPKART&q=ear+phones&store=0pm%2Ffcn%2F821&srno=s_3_85&otracker=search&fm=organic&iid=d71c1957-de1b-47d6-91c2-fca1d8dfc975.ACCGZ5292KM934NP.SEARCH&ppt=None&ppn=None&ssid=h9z5b83xhc0000001689605495406&qH=cc10a3085fee635c,"1,299",549,57% off,With Mic:Yes| Connector type: No| Bluetooth version: 5.1| Wireless range: 10 m| Battery life: 20 hr | Charging time: 2 Hours Case| 1 Hour Buds,3.4
85,"realme Buds 2 Wired Headset  (Black, In the Ear)",https://www.flipkart.com/realme-buds-2-wired-headset/p/itm393326c26b6ad?pid=ACCFKYE2ARGG67WC&lid=LSTACCFKYE2ARGG67WCEU0OSD&marketplace=FLIPKART&q=ear+phones&store=0pm%2Ffcn%2F821&srno=s_3_86&otracker=search&fm=organic&iid=d71c1957-de1b-47d6-91c2-fca1d8dfc975.ACCFKYE2ARGG67WC.SEARCH&ppt=None&ppn=None&ssid=h9z5b83xhc0000001689605495406&qH=cc10a3085fee635c,799,599,25% off,With Mic:Yes| Connector type: 3.5 mm,4.3
86,"Boult Audio Ammo 40H Playtime, ZEN ENC Mic, 40ms Low Latency Gaming Mode, Interactive LED Bluetooth Headset  (Black, True Wireless)",https://www.flipkart.com/boult-audio-ammo-40h-playtime-zen-enc-mic-40ms-low-latency-gaming-mode-interactive-led-bluetooth-headset/p/itm1d80d77022d5e?pid=ACCGNBSZNBFKKBCG&lid=LSTACCGNBSZNBFKKBCGTIQ1E9&marketplace=FLIPKART&q=ear+phones&store=0pm%2Ffcn%2F821&srno=s_3_87&otracker=search&fm=organic&iid=en_WqGZXNi_tVuhK105hv4ipLGG93Lb-rMcWlSr4QNHqdcAGNf-5YuGOhDlZ-67Xskj_EdmrXIe-1Ef6DC77R_6HA%3D%3D&ppt=None&ppn=None&ssid=h9z5b83xhc0000001689605495406&qH=cc10a3085fee635c,"4,999",999,80% off,With Mic:Yes| Bluetooth version: 5.3| Wireless range: 10 m| Zen Technology Mic Environmental Noise Cancellation Mic shuts out distractions.| Combat Mode for gaming: Switch on the Combat mode and enjoy seamless gameplay with 40ms low latency.| 40 Hrs Playtime | 13mm Drivers| Lightning Boult Fast Charging: 10 mins charge delivers 150 mins of playtime.| Interative LED lights that enhances your gaming and entertainment.,4
87,"Boult Audio Y1 with Zen ENC Mic, 40Hrs Playtime, Fast Charging, Pro+ Calling, IPX5, BTv 5.3 Bluetooth Headset  (White, True Wireless)",https://www.flipkart.com/boult-audio-y1-zen-enc-mic-40hrs-playtime-fast-charging-pro-calling-ipx5-btv-5-3-bluetooth-headset/p/itmf6683704c3a4d?pid=ACCG9J7F2NMUB5H6&lid=LSTACCG9J7F2NMUB5H6UPLDYV&marketplace=FLIPKART&q=ear+phones&store=0pm%2Ffcn%2F821&srno=s_3_88&otracker=search&fm=organic&iid=en_WqGZXNi_tVuhK105hv4ipLGG93Lb-rMcWlSr4QNHqdebtPpit1PBLq_05e9vHCyENmuheQbgpPn-xU4Ipmpdhg%3D%3D&ppt=None&ppn=None&ssid=h9z5b83xhc0000001689605495406&qH=cc10a3085fee635c,"5,499",999,81% off,With Mic:Yes| Bluetooth version: 5.3| With Mic:Yes| Bluetooth version: 5.3| Wireless range: 10 m| Battery life: 40 hrs| Zen Tech ENC mic | 40 Hrs Playtime| Lightning Boult Type-C Fastest Charging | 10 Mins Charge = 100 Mins Playtime| BoomX Tech for Supreme Bass | 10mm Drivers | Fast Pairing| IPX5 Water Resistant | Voice Assistant | Touch Control,4.1
88,"Skullcandy Jib Headset with mic  (Black, In the Ear)",https://www.flipkart.com/skullcandy-jib-headset-mic/p/itm67b38893af9f6?pid=ACCEXZYQ2AGYTJ66&lid=LSTACCEXZYQ2AGYTJ66ZTQNNP&marketplace=FLIPKART&q=ear+phones&store=0pm%2Ffcn%2F821&srno=s_3_89&otracker=search&fm=organic&iid=d71c1957-de1b-47d6-91c2-fca1d8dfc975.ACCEXZYQ2AGYTJ66.SEARCH&ppt=None&ppn=None&ssid=h9z5b83xhc0000001689605495406&qH=cc10a3085fee635c,999,648,35% off,With Mic:Yes| Connector type: 3.5mm headphone jack| Noise Isolating Fit| Microphone| Call and Track Control| Impedence: 17 ohms| Driver Diameter: 10mm,4
89,"Ubon UB-770 Wired Headset  (Black, In the Ear)",https://www.flipkart.com/ubon-ub-770-wired-headset/p/itmf1c84e888315c?pid=ACCFHCAPHTPCCXZR&lid=LSTACCFHCAPHTPCCXZRNLIEZG&marketplace=FLIPKART&q=ear+phones&store=0pm%2Ffcn%2F821&srno=s_3_90&otracker=search&fm=organic&iid=d71c1957-de1b-47d6-91c2-fca1d8dfc975.ACCFHCAPHTPCCXZR.SEARCH&ppt=None&ppn=None&ssid=h9z5b83xhc0000001689605495406&qH=cc10a3085fee635c,499,199,60% off,With Mic:Yes| Connector type: 3.5mm,3.6
90,"Boult Audio X50 with 40Hr Battery, Quad Mic ENC, 45ms Ultra Low Latency, Made In India, 5.1 Bluetooth Headset  (White, True Wireless)",https://www.flipkart.com/boult-audio-x50-40hr-battery-quad-mic-enc-45ms-ultra-low-latency-made-india-5-1-bluetooth-headset/p/itmb580155b27054?pid=ACCGJHCDF45AFUYY&lid=LSTACCGJHCDF45AFUYYBCJ3KT&marketplace=FLIPKART&q=ear+phones&store=0pm%2Ffcn%2F821&srno=s_3_91&otracker=search&fm=organic&iid=en_WqGZXNi_tVuhK105hv4ipLGG93Lb-rMcWlSr4QNHqde-KLKTFbEEZbvbpPpXj2UcntjpjMm6sscKijSUxAF6WQ%3D%3D&ppt=None&ppn=None&ssid=h9z5b83xhc0000001689605495406&qH=cc10a3085fee635c,"4,999",999,80% off,With Mic:Yes| Battery life: 40 Hrs| Bluetooth Version 5.1 | Blink & Pair| ZEN Mode - Quad Mic Environmental Noise Cancellation| 40H Playtime with Gaming mode on | 45ms Ultra-Low Latency Gaming Mode| Type-C Fastest Charging | 10 Mins Charge = 100 Mins Playtime| Equalizer: Rock Mode | HiFi Mode | Base Boost Mode| BoomX Tech for Rich Bass | IPX5 Water Resistant | Voice Assistant,4
91,"Boult Audio ProBass Fcharge with 40 hrs Playtime, ENC, Fast Charging, Fast Pairing Bluetooth Headset  (Black, In the Ear)",https://www.flipkart.com/boult-audio-probass-fcharge-40-hrs-playtime-enc-fast-charging-pairing-bluetooth-headset/p/itm990890a2723e2?pid=ACCGC2JJSZZNZYCX&lid=LSTACCGC2JJSZZNZYCXEQIMVU&marketplace=FLIPKART&q=ear+phones&store=0pm%2Ffcn%2F821&srno=s_3_92&otracker=search&fm=organic&iid=en_WqGZXNi_tVuhK105hv4ipLGG93Lb-rMcWlSr4QNHqdcwj71KXDJbbtMGhNx0xzD9daVcnHUW1klA5Owao3H5JQ%3D%3D&ppt=None&ppn=None&ssid=h9z5b83xhc0000001689605495406&qH=cc10a3085fee635c,"4,999",897,82% off,With Mic:Yes| Battery life: 40 hrs| Environmental Noise Cancellation | Pro+ Calling Mic Technology| Unstoppable 40 hrs Battery Life| Type-C Fastest Charging | 10 mins Charge = 15 hrs Playtime| Fastest Pairing with the latest Bluetooth 5.2 technology| Soft Silicone Band | In-line controls | IPX5 Water Resistant,4
92,"Microflash S7-Deep Bass, Clear Hi-Fi Sound, Headphones Wired Headset  (Green, In the Ear)",https://www.flipkart.com/microflash-s7-deep-bass-clear-hi-fi-sound-headphones-wired-headset/p/itm15ad7438eacba?pid=ACCGHE5F8Q4G3YNZ&lid=LSTACCGHE5F8Q4G3YNZN9NXMM&marketplace=FLIPKART&q=ear+phones&store=0pm%2Ffcn%2F821&srno=s_3_93&otracker=search&fm=organic&iid=d71c1957-de1b-47d6-91c2-fca1d8dfc975.ACCGHE5F8Q4G3YNZ.SEARCH&ppt=None&ppn=None&ssid=h9z5b83xhc0000001689605495406&qH=cc10a3085fee635c,399,229,42% off,With Mic:Yes| Connector type: 3.5 mm Headphone Jack| Flatwire: Stays tangle free even in your pocket,3.9
93,"KDM UNIVERSAL EARPHONE Wired Headset  (Grey, In the Ear)",https://www.flipkart.com/kdm-universal-earphone-wired-headset/p/itme6d51361ec04e?pid=ACCFZG5GQYGGTNHQ&lid=LSTACCFZG5GQYGGTNHQRIJN2T&marketplace=FLIPKART&q=ear+phones&store=0pm%2Ffcn%2F821&srno=s_3_94&otracker=search&fm=organic&iid=d71c1957-de1b-47d6-91c2-fca1d8dfc975.ACCFZG5GQYGGTNHQ.SEARCH&ppt=None&ppn=None&ssid=h9z5b83xhc0000001689605495406&qH=cc10a3085fee635c,569,256,55% off,With Mic:Yes| Connector type: 3.5mm,4.1
94,"ZEBRONICS ZEB-BRO PRO Wired Headset  (Red, In the Ear)",https://www.flipkart.com/zebronics-zeb-bro-pro-wired-headset/p/itmef12e88941e4b?pid=ACCG45FFAHSSN5C9&lid=LSTACCG45FFAHSSN5C9GCN9DH&marketplace=FLIPKART&q=ear+phones&store=0pm%2Ffcn%2F821&srno=s_3_95&otracker=search&fm=organic&iid=d71c1957-de1b-47d6-91c2-fca1d8dfc975.ACCG45FFAHSSN5C9.SEARCH&ppt=None&ppn=None&ssid=h9z5b83xhc0000001689605495406&qH=cc10a3085fee635c,449,297,33% off,With Mic:Yes| Connector type: 3.5| Flatwire: Stays tangle free even in your pocket,3.7
95,"APPLE EarPods with 3.5mm Headphone Plug Wired Headset  (White, In the Ear)",https://www.flipkart.com/apple-earpods-3-5mm-headphone-plug-wired-headset/p/itm0baccee4eb1d7?pid=ACCE9Q9FVGFXFHGK&lid=LSTACCE9Q9FVGFXFHGKVYLB5V&marketplace=FLIPKART&q=ear+phones&store=0pm%2Ffcn%2F821&srno=s_3_96&otracker=search&fm=organic&iid=d71c1957-de1b-47d6-91c2-fca1d8dfc975.ACCE9Q9FVGFXFHGK.SEARCH&ppt=None&ppn=None&ssid=h9z5b83xhc0000001689605495406&qH=cc10a3085fee635c,"2,000","1,699",15% off,With Mic:Yes| Connector type: 3.5 mm| Extra bass: Add extra thump to your music,4.1
96,"Boult Audio Airbass Z35 with ZEN ENC Mic, 32H Playtime, 45ms Ultra-Low Latency Mode, 5.3 Bluetooth Headset  (Pista Green, True Wireless)",https://www.flipkart.com/boult-audio-airbass-z35-zen-enc-mic-32h-playtime-45ms-ultra-low-latency-mode-5-3-bluetooth-headset/p/itm429390b57d9e9?pid=ACCGJT2ZVWGQTC8D&lid=LSTACCGJT2ZVWGQTC8DT59PBJ&marketplace=FLIPKART&q=ear+phones&store=0pm%2Ffcn%2F821&srno=s_3_97&otracker=search&fm=organic&iid=en_WqGZXNi_tVuhK105hv4ipLGG93Lb-rMcWlSr4QNHqdfVkkZWoYNfUMChirQpI24Gli41sI3jrBo_pJdZI2DwYg%3D%3D&ppt=None&ppn=None&ssid=h9z5b83xhc0000001689605495406&qH=cc10a3085fee635c,"2,999",899,70% off,With Mic:Yes| Bluetooth version: 5.3| Wireless range: 10 m| Battery life: 32 hrs| Zen Tech ENC mic | 45ms Ultra-Low Latency Gaming | 32Hrs Playtime| Lightning Boult Type-C Fastest Charging | 10 Mins Charge = 150 Mins Playtime | 13mm Drivers | Sub-woofer| BoomX Tech for Supreme Bass | IPX5 Water Resistant | Voice Assistant | Touch Control,4
97,"Boult Audio X10 TWS with 45Hrs Playtime, ENC Mic, 40ms Lowest Latency, Fast Charging, 5.3v Bluetooth Headset  (White, True Wireless)",https://www.flipkart.com/boult-audio-x10-tws-45hrs-playtime-enc-mic-40ms-lowest-latency-fast-charging-5-3v-bluetooth-headset/p/itm62944d77950b1?pid=ACCGHTP8AJ9A6FBE&lid=LSTACCGHTP8AJ9A6FBEGH0J3V&marketplace=FLIPKART&q=ear+phones&store=0pm%2Ffcn%2F821&srno=s_3_98&otracker=search&fm=organic&iid=en_WqGZXNi_tVuhK105hv4ipLGG93Lb-rMcWlSr4QNHqdcmNnnEbRvS3dsBOxM08x71oxeSnDVYVPKw4nyivnPgiA%3D%3D&ppt=None&ppn=None&ssid=h9z5b83xhc0000001689605495406&qH=cc10a3085fee635c,"2,999",899,70% off,With Mic:Yes| Bluetooth version: 5.3| Wireless range: 10 m| Zen Technology Environmental Noise Cancellation shuts out distractions| Combat Mode for gaming: Switch on the Combat mode and enjoy seamless gameplay with 40ms lowest latency| 45 Hrs total playtime and 8 hrs playtime on a single charge | 10mm Drivers| Lightning Boult Type C Fast Charging: 10 mins charge delivers 150 mins of playtime| BoomX Tech for Supreme Bass with 10mm drivers | Voice Assistant | Touch Control| IPX5 Water Resistant technology make it sweat-proof and waterproof| Latest Bluetooth 5.3 for Seamless Connectivity | Made in India,4.2
98,"boAt Immortal 131 with Beast Mode, 40 Hours Playback and ENx Tech Bluetooth Headset  (Black, True Wireless)",https://www.flipkart.com/boat-immortal-131-beast-mode-40-hours-playback-enx-tech-bluetooth-headset/p/itma75e7b1f9065f?pid=ACCGHJ97UDEBFFHD&lid=LSTACCGHJ97UDEBFFHDG1CFYU&marketplace=FLIPKART&q=ear+phones&store=0pm%2Ffcn%2F821&srno=s_3_99&otracker=search&fm=organic&iid=d71c1957-de1b-47d6-91c2-fca1d8dfc975.ACCGHJ97UDEBFFHD.SEARCH&ppt=None&ppn=None&ssid=h9z5b83xhc0000001689605495406&qH=cc10a3085fee635c,"3,499","1,399",60% off,With Mic:Yes| Bluetooth version: 5.3| Wireless range: 10 m| 1. With Mic: Yes| 2.Bluetooth Version: 5.3| 3.Wireless Range: 10m| 4.Playback: Upto 40 Hours|ASAP Charge: 10 Mins= 180 Mins| 5.Beast Mode: Low Latency for Gaming| 6.Blazing RGB LEDs| 7.ENx Technology: Clear Voice Calls,4.1
99,"Noise Buds VS102 with 50 Hrs Playtime, 11mm Driver, IPX5 and Unique Flybird Design Bluetooth Headset  (Jet Black, True Wireless)",https://www.flipkart.com/noise-buds-vs102-50-hrs-playtime-11mm-driver-ipx5-unique-flybird-design-bluetooth-headset/p/itm6a32c17afbbe5?pid=ACCG4RBWG8TWZRY9&lid=LSTACCG4RBWG8TWZRY9VZWQNM&marketplace=FLIPKART&q=ear+phones&store=0pm%2Ffcn%2F821&srno=s_3_100&otracker=search&fm=organic&iid=d71c1957-de1b-47d6-91c2-fca1d8dfc975.ACCG4RBWG8TWZRY9.SEARCH&ppt=None&ppn=None&ssid=h9z5b83xhc0000001689605495406&qH=cc10a3085fee635c,"2,999",999,66% off,With Mic:Yes| Bluetooth version: v5.1| Wireless range: 10 m| Battery life: 50 Hours | Charging time: 2 Hour| Battery life: 50 hrs Playtime| Driver Size : Immersive Audio with 11mm driver| Type - C Charging Port | Upto 50 Hours of Total Playtime| Unique Flybird Design,4.1
100,"Boult Audio ProBass EQCharge with ZEN Mode ENC, 32hrs Playtime, Ultra-Fast Charging Bluetooth Headset  (Blue, In the Ear)",https://www.flipkart.com/boult-audio-probass-eqcharge-zen-mode-enc-32hrs-playtime-ultra-fast-charging-bluetooth-headset/p/itm4fd8aab4d2c2b?pid=ACCGEDKJJW5FE6KW&lid=LSTACCGEDKJJW5FE6KWSBP26F&marketplace=FLIPKART&q=ear+phones&store=0pm%2Ffcn%2F821&srno=s_3_101&otracker=search&fm=organic&iid=en_WqGZXNi_tVuhK105hv4ipLGG93Lb-rMcWlSr4QNHqddSWAt1nHzTG56seTXk4e85TpJLKYE96m4xYT-qw4RhYQ%3D%3D&ppt=None&ppn=None&ssid=h9z5b83xhc0000001689605495406&qH=cc10a3085fee635c,"4,499",799,82% off,With Mic:Yes| Battery life: 32 hrs| ZEN Technology ENC mode | 32Hrs Playtime| Lightning Boult Charge Technology | 5mins Charge = 7hrs Playtime| BoomX Technology for Rich Bass| Latest Bluetooth 5.2 for seamless connectivity| Fast Pairing | IPX5 Water-Resistant| Touch Controls with Voice Assistant,4
101,"Boult Audio Maverick with Quad Mic ENC, 45ms Low Latency Gaming Mode, 35H Playtime Bluetooth Headset  (Black, True Wireless)",https://www.flipkart.com/boult-audio-maverick-quad-mic-enc-45ms-low-latency-gaming-mode-35h-playtime-bluetooth-headset/p/itm0991a85169946?pid=ACCGHQR9TZY7QZ9B&lid=LSTACCGHQR9TZY7QZ9BKOKXFI&marketplace=FLIPKART&q=ear+phones&store=0pm%2Ffcn%2F821&srno=s_3_102&otracker=search&fm=organic&iid=en_WqGZXNi_tVuhK105hv4ipLGG93Lb-rMcWlSr4QNHqdf1Qovj06OHbmycWDIGKgTnAVb8ogd196cJMEsmI4oWPg%3D%3D&ppt=None&ppn=None&ssid=h9z5b83xhc0000001689605495406&qH=cc10a3085fee635c,"4,499","1,299",71% off,With Mic:Yes| Battery life: 35 Hours| Zen Technology Environmental Noise Cancellation shuts out distractions.| Combat Mode for gaming: Switch on the Combat mode and enjoy seamless gameplay with 45m/s latency.| 35 Hrs total playtime with gaming mode on| and 7 hrs playtime on a single charge.| Lightning Boult Fast Charging: 10 mins charge delivers 120 mins of playtime.| High-end progressive LED lights that enhances your gaming and entertainment.,4
102,"Boult Audio X10 TWS with 45Hrs Playtime, ENC Mic, 40ms Lowest Latency, Fast Charging, 5.3v Bluetooth Headset  (Black, True Wireless)",https://www.flipkart.com/boult-audio-x10-tws-45hrs-playtime-enc-mic-40ms-lowest-latency-fast-charging-5-3v-bluetooth-headset/p/itm84409385875ac?pid=ACCGHTP8CFC9NZQU&lid=LSTACCGHTP8CFC9NZQUSFIGBN&marketplace=FLIPKART&q=ear+phones&store=0pm%2Ffcn%2F821&srno=s_3_103&otracker=search&fm=organic&iid=d71c1957-de1b-47d6-91c2-fca1d8dfc975.ACCGHTP8CFC9NZQU.SEARCH&ppt=None&ppn=None&ssid=h9z5b83xhc0000001689605495406&qH=cc10a3085fee635c,"2,999",899,70% off,With Mic:Yes| Bluetooth version: 5.3| Wireless range: 10 m| Zen Technology Environmental Noise Cancellation shuts out distractions| Combat Mode for gaming: Switch on the Combat mode and enjoy seamless gameplay with 40ms lowest latency| 45 Hrs total playtime and 8 hrs playtime on a single charge | 10mm Drivers| Lightning Boult Type C Fast Charging: 10 mins charge delivers 150 mins of playtime| BoomX Tech for Supreme Bass with 10mm drivers | Voice Assistant | Touch Control| IPX5 Water Resistant technology make it sweat-proof and waterproof| Latest Bluetooth 5.3 for Seamless Connectivity | Made in India,4.2
103,"TECHFIRE FIRE-145 -36 Hours Playtime Neckband hi-bass Wireless Bluetooth headphone Bluetooth Headset  (Black, In the Ear)",https://www.flipkart.com/techfire-fire-145-36-hours-playtime-neckband-hi-bass-wireless-bluetooth-headphone-headset/p/itm729f9a9ba90c7?pid=ACCGCAHBGXNGDKKD&lid=LSTACCGCAHBGXNGDKKDPCZCQZ&marketplace=FLIPKART&q=ear+phones&store=0pm%2Ffcn%2F821&srno=s_3_104&otracker=search&fm=organic&iid=d71c1957-de1b-47d6-91c2-fca1d8dfc975.ACCGCAHBGXNGDKKD.SEARCH&ppt=None&ppn=None&ssid=h9z5b83xhc0000001689605495406&qH=cc10a3085fee635c,"1,999",379,81% off,With Mic:Yes| Bluetooth version: 5.0| Wireless range: 10 m| Battery life: 40 hr | Charging time: 1 HR| Flatwire: Stays tangle free even in your pocket,3.7
104,"Mivi Duopods F30 with 42 hours battery Fast Charging TWS Bluetooth Headset  (Black, True Wireless)",https://www.flipkart.com/mivi-duopods-f30-42-hours-battery-fast-charging-tws-bluetooth-headset/p/itmd982356973d64?pid=ACCG5JXYXSETYYXG&lid=LSTACCG5JXYXSETYYXGG3JPW2&marketplace=FLIPKART&q=ear+phones&store=0pm%2Ffcn%2F821&srno=s_3_105&otracker=search&fm=organic&iid=d71c1957-de1b-47d6-91c2-fca1d8dfc975.ACCG5JXYXSETYYXG.SEARCH&ppt=None&ppn=None&ssid=h9z5b83xhc0000001689605495406&qH=cc10a3085fee635c,"2,999",699,76% off,With Mic:Yes| Connector type: No| Bluetooth version: 5| Battery life: 42 Hours| Wireless range: 10m | 10mm Dynamic Bass Boost Driver |Fast Charging Technology: Yes| Voice Assistant - Google Voice/Siri,3.9
105,"Unix SUPER BASS METAL DYNAMIC Wired Headset  (Black, In the Ear)",https://www.flipkart.com/unix-super-bass-metal-dynamic-wired-headset/p/itm1f3d9004ecb00?pid=ACCG7CHSRHP5R6UF&lid=LSTACCG7CHSRHP5R6UFJFVIU8&marketplace=FLIPKART&q=ear+phones&store=0pm%2Ffcn%2F821&srno=s_3_106&otracker=search&fm=organic&iid=d71c1957-de1b-47d6-91c2-fca1d8dfc975.ACCG7CHSRHP5R6UF.SEARCH&ppt=None&ppn=None&ssid=h9z5b83xhc0000001689605495406&qH=cc10a3085fee635c,299,185,38% off,With Mic:Yes| Connector type: 3.5mm,3.7
106,"Boult Audio X50 with 40Hr Battery, Quad Mic ENC, 45ms Ultra Low Latency, Made In India, 5.1 Bluetooth Headset  (Black, True Wireless)",https://www.flipkart.com/boult-audio-x50-40hr-battery-quad-mic-enc-45ms-ultra-low-latency-made-india-5-1-bluetooth-headset/p/itm222b700788ee5?pid=ACCGJHCDXFXZCSWN&lid=LSTACCGJHCDXFXZCSWNBVEMCE&marketplace=FLIPKART&q=ear+phones&store=0pm%2Ffcn%2F821&srno=s_3_107&otracker=search&fm=organic&iid=en_WqGZXNi_tVuhK105hv4ipLGG93Lb-rMcWlSr4QNHqdd8M6Y1BYtvWeQ2MeVyiVGhwqUO3SwKPaAXl9oxonPlyg%3D%3D&ppt=None&ppn=None&ssid=h9z5b83xhc0000001689605495406&qH=cc10a3085fee635c,"4,999",999,80% off,With Mic:Yes| Battery life: 40 Hrs| Bluetooth Version 5.1 | Blink & Pair| ZEN Mode - Quad Mic Environmental Noise Cancellation| 40H Playtime with Gaming mode on | 45ms Ultra-Low Latency Gaming Mode| Type-C Fastest Charging | 10 Mins Charge = 100 Mins Playtime| Equalizer: Rock Mode | HiFi Mode | Base Boost Mode| BoomX Tech for Rich Bass | IPX5 Water Resistant | Voice Assistant,4
107,"Boult Audio X45 with Quad Mic ENC, 40H Playtime, 45ms Ultra Low 
Latency, Made In India, 5.3 Bluetooth Headset  (Grey, True Wireless)",https://www.flipkart.com/boult-audio-x45-quad-mic-enc-40h-playtime-45ms-ultra-low-latency-made-india-5-3-bluetooth-headset/p/itm069592005d53c?pid=ACCGHMMY5FZJFVZU&lid=LSTACCGHMMY5FZJFVZUWHTYK5&marketplace=FLIPKART&q=ear+phones&store=0pm%2Ffcn%2F821&srno=s_3_108&otracker=search&fm=organic&iid=en_WqGZXNi_tVuhK105hv4ipLGG93Lb-rMcWlSr4QNHqde0QThC1B_0ggJuRtPIzV18r1ttaCmeO609NMsUkj8YGw%3D%3D&ppt=None&ppn=None&ssid=h9z5b83xhc0000001689605495406&qH=cc10a3085fee635c,"4,999","1,199",76% off,With Mic:Yes| Bluetooth version: 5.3| Wireless range: 10 m| Battery life: 40 hrs| With Mic: Yes| Bluetooth version: 5.3| Wireless range: 10 m| Battery life: 40 hrs| Zen Tech ENC mic | 45ms Ultra-Low Latency Gaming | 40Hrs Playtime| Lightning Boult Type-C Fastest Charging | 10 Mins Charge = 150 Mins Playtime | 13mm Drivers | Sub-woofer| BoomX Tech for Supreme Bass | IPX5 Water Resistant | Voice Assistant | Touch Control,3.9
108,"SONY EX14AP Wired Headset  (Black, In the Ear)",https://www.flipkart.com/sony-ex14ap-wired-headset/p/itm184e58cc42871?pid=ACCEWH82VYCDUHHH&lid=LSTACCEWH82VYCDUHHH50DUJ3&marketplace=FLIPKART&q=ear+phones&store=0pm%2Ffcn%2F821&srno=s_3_109&otracker=search&fm=organic&iid=d71c1957-de1b-47d6-91c2-fca1d8dfc975.ACCEWH82VYCDUHHH.SEARCH&ppt=None&ppn=None&ssid=h9z5b83xhc0000001689605495406&qH=cc10a3085fee635c,"1,290",549,57% off,With Mic:Yes| Connector type: 3.5 mm| One button universal remote to answer and manage your calls,4
109,"PHILIPS TAE1107BK Wired Headset  (Black, In the Ear)",https://www.flipkart.com/philips-tae1107bk-wired-headset/p/itmb3e36e96b371f?pid=ACCGZRZVYB9VHURV&lid=LSTACCGZRZVYB9VHURV18ID91&marketplace=FLIPKART&q=ear+phones&store=0pm%2Ffcn%2F821&srno=s_3_110&otracker=search&fm=organic&iid=d71c1957-de1b-47d6-91c2-fca1d8dfc975.ACCGZRZVYB9VHURV.SEARCH&ppt=None&ppn=None&ssid=h9z5b83xhc0000001689605495406&qH=cc10a3085fee635c,399,395,1% off,With Mic:Yes| Connector type: 3.5,4.6
110,"Boult Audio Curve with BoomX Rich Bass, Flexi-band, Magnetic Earbuds, IPX5 Water Resistant Bluetooth Headset  (Black, Grey, In the Ear)",https://www.flipkart.com/boult-audio-curve-boomx-rich-bass-flexi-band-magnetic-earbuds-ipx5-water-resistant-bluetooth-headset/p/itm10760f3f869be?pid=ACCFEZ99MFMDR8CM&lid=LSTACCFEZ99MFMDR8CMEA6CWL&marketplace=FLIPKART&q=ear+phones&store=0pm%2Ffcn%2F821&srno=s_3_111&otracker=search&fm=organic&iid=en_WqGZXNi_tVuhK105hv4ipLGG93Lb-rMcWlSr4QNHqde0wYomKIYaM0wm8Ju2IRj_Y0wFiaXiG3a_6nz67e_3Ag%3D%3D&ppt=None&ppn=None&ssid=h9z5b83xhc0000001689605495406&qH=cc10a3085fee635c,"3,499",799,77% off,With Mic:Yes| Bluetooth version: 4.2| Wireless range: 10 m| Battery life: 12 hrs | Charging time: 1.0 hours| 12 hrs Playtime | 24 hrs Standby Time| built-in Micro-Woofer for Extra bass| Inline Controls with Voice Assistant | Comfortable fit - Designed for all-day use| IPX5 Water-Resistant | Magnetized buds | Adjustable Clips,4
111,"Boult Audio ProBass Fcharge with 40 hrs Playtime, ENC, Fast Charging, Fast Pairing Bluetooth Headset  (Blue, In the Ear)",https://www.flipkart.com/boult-audio-probass-fcharge-40-hrs-playtime-enc-fast-charging-pairing-bluetooth-headset/p/itmc596225e44b56?pid=ACCGC2JJUPSCTGSU&lid=LSTACCGC2JJUPSCTGSUUJMBN5&marketplace=FLIPKART&q=ear+phones&store=0pm%2Ffcn%2F821&srno=s_3_112&otracker=search&fm=organic&iid=en_WqGZXNi_tVuhK105hv4ipLGG93Lb-rMcWlSr4QNHqdcHR145hxbUEh2Id87esPYjHKWOCWlpnBBS0yy1ke7CVA%3D%3D&ppt=None&ppn=None&ssid=h9z5b83xhc0000001689605495406&qH=cc10a3085fee635c,"4,999",899,82% off,With Mic:Yes| Battery life: 40 hrs| Environmental Noise Cancellation | Pro+ Calling Mic Technology| Unstoppable 40 hrs Battery Life| Type-C Fastest Charging | 10 mins Charge = 15 hrs Playtime| Fastest Pairing with the latest Bluetooth 5.2 technology| Soft Silicone Band | In-line controls | IPX5 Water Resistant,4
112,"boAt Bassheads 242 Wired Headset  (Active Black, In the Ear)",https://www.flipkart.com/boat-bassheads-242-wired-headset/p/itm3c088db035ab1?pid=ACCFHBK3GUQE3BUD&lid=LSTACCFHBK3GUQE3BUDG5XEJZ&marketplace=FLIPKART&q=ear+phones&store=0pm%2Ffcn%2F821&srno=s_3_113&otracker=search&fm=organic&iid=d71c1957-de1b-47d6-91c2-fca1d8dfc975.ACCFHBK3GUQE3BUD.SEARCH&ppt=None&ppn=None&ssid=h9z5b83xhc0000001689605495406&qH=cc10a3085fee635c,"1,490",599,59% off,With Mic:Yes| Connector type: 3.5 mm| Secure Fit Ear hooks| 10mm Drivers: Inspirational Sound| IPX4 Sweat and Water Resistance| Sports Utility Earphones| Sturdy Cable,4.2
113,"Divine creation bluetooth neckband RED 01 Bluetooth Headset Wired Headset  (Blue, In the Ear)",https://www.flipkart.com/divine-creation-bluetooth-neckband-red-01-headset-wired/p/itm94083838c6f83?pid=ACCGZE4FZYZNZYKQ&lid=LSTACCGZE4FZYZNZYKQLICTXP&marketplace=FLIPKART&q=ear+phones&store=0pm%2Ffcn%2F821&srno=s_3_114&otracker=search&fm=organic&iid=d71c1957-de1b-47d6-91c2-fca1d8dfc975.ACCGZE4FZYZNZYKQ.SEARCH&ppt=None&ppn=None&ssid=h9z5b83xhc0000001689605495406&qH=cc10a3085fee635c,"1,499",299,80% off,With Mic:Yes| Connector type: 6.3MM,3.6
114,"ZEBRONICS ZEB-Buds-C2 Wired Headset  (Black, In the Ear)",https://www.flipkart.com/zebronics-zeb-buds-c2-wired-headset/p/itm16df3847ec93e?pid=ACCG49CSDKVQJH6W&lid=LSTACCG49CSDKVQJH6WP5BCOR&marketplace=FLIPKART&q=ear+phones&store=0pm%2Ffcn%2F821&srno=s_3_115&otracker=search&fm=organic&iid=d71c1957-de1b-47d6-91c2-fca1d8dfc975.ACCG49CSDKVQJH6W.SEARCH&ppt=None&ppn=None&ssid=h9z5b83xhc0000001689605495406&qH=cc10a3085fee635c,699,539,22% off,With Mic:Yes| Connector type: C type| Bluetooth version: NA,3.8
115,"Portronics Conch Gama in-Ear Wired Earphone,1.2m Tangle Free Cable, Mic, 3.5mm Aux Port Wired Headset  (Black, In the Ear)",https://www.flipkart.com/portronics-conch-gama-in-ear-wired-earphone-1-2m-tangle-free-cable-mic-3-5mm-aux-port-headset/p/itm4ce8492ea3301?pid=ACCFHHR4G5DWDWZU&lid=LSTACCFHHR4G5DWDWZUIIEETQ&marketplace=FLIPKART&q=ear+phones&store=0pm%2Ffcn%2F821&srno=s_3_116&otracker=search&fm=organic&iid=d71c1957-de1b-47d6-91c2-fca1d8dfc975.ACCFHHR4G5DWDWZU.SEARCH&ppt=None&ppn=None&ssid=h9z5b83xhc0000001689605495406&qH=cc10a3085fee635c,599,349,41% off,With Mic:Yes| Connector type: 3.5 mm| Bluetooth version: NA,4.1
116,"truke BTG Storm Gaming Earbuds with 40ms Low Latency, 50H Playtime, ENC, 13mm Drivers Bluetooth Gaming Headset  (Black, True Wireless)",https://www.flipkart.com/truke-btg-storm-gaming-earbuds-40ms-low-latency-50h-playtime-enc-13mm-drivers-bluetooth-headset/p/itmf5db41545200b?pid=ACCGZHKGGMJMVZ9H&lid=LSTACCGZHKGGMJMVZ9HLUQUC1&marketplace=FLIPKART&q=ear+phones&store=0pm%2Ffcn%2F821&srno=s_3_117&otracker=search&fm=organic&iid=en_WqGZXNi_tVuhK105hv4ipLGG93Lb-rMcWlSr4QNHqdcBcRAmo8t4qd0cLS9zE1-qk85IVnuUYplvNhj4ToiYrw%3D%3D&ppt=None&ppn=None&ssid=h9z5b83xhc0000001689605495406&qH=cc10a3085fee635c,"2,499",999,60% off,With Mic:Yes| Bluetooth version: 5.3| Wireless range: 10 m| 50 Hours of Uninterrupted Gaming Marathons | Flawless Communication with ENC Technology| 13mm Big Titanium Drivers For High Quality Music Experience | AAC codec support| 40ms Ultra Low Latency for Highly Responsive Gaming Experience | Charge Case for 10mins| Enjoy for 10hours| Instant Pairing TWS with Bluetooth 5.3 |IPX5 | RGB Gaming Characterized Case Design| Reset Instructions : Disconnect earbuds from the device. Tap 4x on both earbuds to reset,4.2
117,"Boult Audio X60 ANC (30dB), Quad Mic ENC, 30 Hrs Battery Life, 45ms Ultra Low Latency, 5.3 Bluetooth Headset  (Blue, True Wireless)",https://www.flipkart.com/boult-audio-x60-anc-30db-quad-mic-enc-30-hrs-battery-life-45ms-ultra-low-latency-5-3-bluetooth-headset/p/itmad2b24fd66f43?pid=ACCGHMM9F2GHUZAF&lid=LSTACCGHMM9F2GHUZAF8TLK8S&marketplace=FLIPKART&q=ear+phones&store=0pm%2Ffcn%2F821&srno=s_3_118&otracker=search&fm=organic&iid=en_WqGZXNi_tVuhK105hv4ipLGG93Lb-rMcWlSr4QNHqdcTjNbhDC0lDL94Tt-HKlhUrzSLgNZp01mCVIKB9mYYPA%3D%3D&ppt=None&ppn=None&ssid=h9z5b83xhc0000001689605495406&qH=cc10a3085fee635c,"4,999","1,499",70% off,With Mic:Yes| Bluetooth version: 5.3| Battery life: 30 hrs| Zen Tech Quad Mic ENC | 30dB Active Noise Cancellation| 45ms Utra-Low Latency Gaming | 30 Hrs Playtime| 26 Hrs Playtime with ANC| Lightning Boult Type-C Fast Charging | 10 mins = 150 mins Playtime| Latest 5.3 Bluetooth |Mega 13mm Drivers | Touch Control | Voice assistance| Made in India,3.6
118,"myxes New Edition TWS M19 Gaming Earbuds Bluetooth 5.0 Wireless LED Digital Display N8 Bluetooth Headset  (Black, In the Ear)",https://www.flipkart.com/myxes-new-tws-m19-gaming-earbuds-bluetooth-5-0-wireless-led-digital-display-n8-headset/p/itmf139fdf9c0e1c?pid=ACCGHHZ9VG3JNAUV&lid=LSTACCGHHZ9VG3JNAUV3DBH2G&marketplace=FLIPKART&q=ear+phones&store=0pm%2Ffcn%2F821&srno=s_3_119&otracker=search&fm=organic&iid=d71c1957-de1b-47d6-91c2-fca1d8dfc975.ACCGHHZ9VG3JNAUV.SEARCH&ppt=None&ppn=None&ssid=h9z5b83xhc0000001689605495406&qH=cc10a3085fee635c,"1,999",519,74% off,With Mic:Yes| Bluetooth version: Bluetooth 5.1 Powerful Performance| Wireless range: 10 m| Battery life: 24 hr | Charging time: 2 hours| Flatwire: Stays tangle free even in your pocket,3.6
119,"Mivi DuoPods F50 with 50 Hrs Playtime I13mm Drivers|Fast Charging Bluetooth Headset  (Black, In the Ear)",https://www.flipkart.com/mivi-duopods-f50-50-hrs-playtime-i13mm-drivers-fast-charging-bluetooth-headset/p/itmbf2f18276d881?pid=ACCGGDVVPRMEZGVD&lid=LSTACCGGDVVPRMEZGVDESGSA0&marketplace=FLIPKART&q=ear+phones&store=0pm%2Ffcn%2F821&srno=s_3_120&otracker=search&fm=organic&iid=d71c1957-de1b-47d6-91c2-fca1d8dfc975.ACCGGDVVPRMEZGVD.SEARCH&ppt=None&ppn=None&ssid=h9z5b83xhc0000001689605495406&qH=cc10a3085fee635c,"2,999",699,76% off,With Mic:Yes| Bluetooth version: 5.1| Wireless range: 10 m| Battery life: 50 hrs | Charging time: 1 hrs| Touch Controls with google/siri Voice Assistant| Type - C Charging Port | 13mm Speaker Drivers| IPX4 Water Resistant | Comfortable & Light Weight,3.8
